1	меня	я	PRON	_	Case=Acc|Number=Sing|Person=1	2	obj	_	@r1994m-words#@r1994m#65.414#65.762
2	зовут	звать	VERB	_	Aspect=Imp|Mood=Ind|Number=Plur|Person=3|Tense=Pres|VerbForm=Fin|Voice=Act	0	root	_	@r1994m-words#@r1994m#65.762#66.11
3	Рома	Рома	PROPN	_	Animacy=Inan|Case=Nom|Gender=Masc|Number=Plur	2	nsubj	_	@r1994m-words#@r1994m#66.11#66.459
4	/	/	PUNCT	_	_	7	punct	_	@r1994m-words#@r1994m#67.229#67.488
5	а	а	CCONJ	_	_	7	cc	_	@r1994m-words#@r1994m#67.488#67.747
6	возраст	возраст	NOUN	_	Animacy=Inan|Case=Nom|Gender=Masc|Number=Sing	8	nsubj	_	@r1994m-words#@r1994m#67.747#68.006
7	надо	надо	AUX	_	Degree=Pos	2	conj	_	@r1994m-words#@r1994m#68.006#68.265
8	говорить	говорить	VERB	_	Aspect=Imp|VerbForm=Inf|Voice=Act	7	csubj	_	@r1994m-words#@r1994m#68.265#68.524
9	?	?	PUNCT	_	_	8	punct	_	@r1994m-words#@r1994m#68.524#68.783
10	/	/	PUNCT	_	_	11	punct	_	@r1994m-words#@r1994m#69.405#69.661
11	ужас	ужас	NOUN	_	Animacy=Inan|Case=Nom|Gender=Masc|Number=Sing	8	parataxis	_	@r1994m-words#@r1994m#69.661#69.918
12	/	/	PUNCT	_	_	17	punct	_	@r1994m-words#@r1994m#70.418#70.718
13	мне	я	PRON	_	Case=Dat|Number=Sing|Person=1	17	iobj	_	@r1994m-words#@r1994m#70.718#71.018
14	двадцать	двадцать	NUM	_	Case=Acc	15	nummod:gov	_	@r1994m-words#@r1994m#71.018#71.318
15	четыре	четыре	NUM	_	Animacy=Inan|Case=Acc	17	nummod:gov	_	@r1994m-words#@r1994m#71.318#71.621
16	/	/	PUNCT	_	_	17	punct	_	@r1994m-words#@r1994m#72.986#73.243
17	амм	амм	X	_	_	8	amod	_	@r1994m-words#@r1994m#73.243#73.5
18	но	но	CCONJ	_	_	19	cc	_	@r1994m-words#@r1994m#73.5#73.757
19	иногда	иногда	ADV	_	Degree=Pos	17	conj	_	@r1994m-words#@r1994m#73.757#74.017
20	/	/	PUNCT	_	_	23	punct	_	@r1994m-words#@r1994m#74.333#74.723
21	я	я	PRON	_	Case=Nom|Number=Sing|Person=1	23	nsubj	_	@r1994m-words#@r1994m#74.723#75.113
22	не	не	PART	_	_	23	advmod	_	@r1994m-words#@r1994m#75.113#75.503
23	Рома	Рома	PROPN	_	Animacy=Inan|Case=Gen|Gender=Masc|Number=Sing	19	obl	_	@r1994m-words#@r1994m#75.503#75.893
24	а	а	CCONJ	_	_	25	cc	_	@r1994m-words#@r1994m#75.893#76.283
25	мисс	мисс	NOUN	_	Animacy=Inan|Case=Nom|Gender=Masc|Number=Sing	23	conj	_	@r1994m-words#@r1994m#76.283#76.673
26	Коко	Коко	PROPN	_	Animacy=Anim|Case=Gen|Gender=Masc|Number=Sing	25	nmod	_	@r1994m-words#@r1994m#76.673#77.063
27	/	/	PUNCT	_	_	29	punct	_	@r1994m-words#@r1994m#77.063#77.453
28	а	а	CCONJ	_	_	29	cc	_	@r1994m-words#@r1994m#77.453#77.843
29	работаю	работать	VERB	_	Aspect=Imp|Mood=Ind|Number=Sing|Person=1|Tense=Pres|VerbForm=Fin|Voice=Act	23	conj	_	@r1994m-words#@r1994m#77.843#78.233
30	в	в	ADP	_	_	31	case	_	@r1994m-words#@r1994m#78.233#78.623
31	клубе	клуб	NOUN	_	Animacy=Inan|Case=Loc|Gender=Masc|Number=Sing	29	obl	_	@r1994m-words#@r1994m#78.623#79.013
32	Малевич	Малевич	PROPN	_	Animacy=Anim|Case=Nom|Gender=Masc|Number=Sing	29	nsubj	_	@r1994m-words#@r1994m#79.013#79.403
33	/	/	PUNCT	_	_	36	punct	_	@r1994m-words#@r1994m#80.175#80.508
34	это	это	PRON	_	Animacy=Inan|Case=Nom|Gender=Neut|Number=Sing	36	nsubj	_	@r1994m-words#@r1994m#80.508#80.841
35	единственный	единственный	ADJ	_	Case=Nom|Degree=Pos|Gender=Masc|Number=Sing	36	amod	_	@r1994m-words#@r1994m#80.841#81.174
36	клуб	клуб	NOUN	_	Animacy=Inan|Case=Nom|Gender=Masc|Number=Sing	32	appos	_	@r1994m-words#@r1994m#81.174#81.507
37	а	а	X	_	_	42	cc	_	@r1994m-words#@r1994m#81.507#81.84
38	/	/	PUNCT	_	_	42	punct	_	@r1994m-words#@r1994m#81.84#82.173
39	где	где	SCONJ	_	Degree=Pos	42	advmod	_	@r1994m-words#@r1994m#82.173#82.506
40	я	я	PRON	_	Case=Nom|Number=Sing|Person=1	42	nsubj	_	@r1994m-words#@r1994m#82.506#82.839
41	себя	себя	PRON	_	Case=Acc	42	obj	_	@r1994m-words#@r1994m#82.839#83.172
42	чувствую	чувствовать	VERB	_	Aspect=Imp|Mood=Ind|Number=Sing|Person=1|Tense=Pres|VerbForm=Fin|Voice=Act	36	conj	_	@r1994m-words#@r1994m#83.172#83.505
43	/	/	PUNCT	_	_	45	punct	_	@r1994m-words#@r1994m#83.505#83.838
44	как	как	PART	_	_	45	mark	_	@r1994m-words#@r1994m#83.838#84.171
45	а	а	X	_	Foreign=Yes	42	advcl	_	@r1994m-words#@r1994m#84.171#84.504
46	/	/	PUNCT	_	_	48	punct	_	@r1994m-words#@r1994m#84.504#84.837
47	в	в	ADP	_	_	48	case	_	@r1994m-words#@r1994m#84.837#85.17
48	семье	семья	NOUN	_	Animacy=Inan|Case=Loc|Gender=Fem|Number=Sing	42	obl	_	@r1994m-words#@r1994m#85.17#85.503
49	/	/	PUNCT	_	_	56	punct	_	@r1994m-words#@r1994m#85.503#85.836
50	[нрзб]	[нрзб]	X	_	_	56	punct	_	@r1994m-words#@r1994m#85.836#86.169
51	для	для	ADP	_	_	52	case	_	@r1994m-words#@r1994m#86.169#86.502
52	меня	я	PRON	_	Case=Gen|Number=Sing|Person=1	56	nmod	_	@r1994m-words#@r1994m#86.502#86.835
53	правда	правда	ADV	_	Degree=Pos	56	parataxis	_	@r1994m-words#@r1994m#86.835#87.168
54	это	это	PRON	_	Animacy=Inan|Case=Nom|Gender=Neut|Number=Sing	56	nsubj	_	@r1994m-words#@r1994m#87.168#87.501
55	как	как	PART	_	_	56	mark	_	@r1994m-words#@r1994m#87.501#87.834
56	семья	семья	NOUN	_	Animacy=Inan|Case=Nom|Gender=Fem|Number=Sing	48	conj	_	@r1994m-words#@r1994m#87.834#88.167
57	а	а	CCONJ	_	_	56	cc	_	@r1994m-words#@r1994m#88.167#88.5
58	/	/	PUNCT	_	_	63	punct	_	@r1994m-words#@r1994m#88.5#88.833
59	поскольку	поскольку	SCONJ	_	_	63	mark	_	@r1994m-words#@r1994m#88.833#89.166
60	у	у	ADP	_	_	61	case	_	@r1994m-words#@r1994m#89.166#89.499
61	меня	я	PRON	_	Case=Gen|Number=Sing|Person=1	63	obl	_	@r1994m-words#@r1994m#89.499#89.832
62	семьи	семья	NOUN	_	Animacy=Inan|Case=Gen|Gender=Fem|Number=Sing	63	nsubj	_	@r1994m-words#@r1994m#89.832#90.165
63	у	у		_	_	56	acl	_	@r1994m-words#@r1994m#90.165#90.498
64	/	/	PUNCT	_	_	69	punct	_	@r1994m-words#@r1994m#90.498#90.831
65	как	как	PART	_	_	69	mark	_	@r1994m-words#@r1994m#90.831#91.164
66	бы	бы	PART	_	_	65	fixed	_	@r1994m-words#@r1994m#91.164#91.497
67	и	и	PART	_	_	69	advmod	_	@r1994m-words#@r1994m#91.497#91.83
68	не	не	PART	_	_	69	advmod	_	@r1994m-words#@r1994m#91.83#92.163
69	было	быть	VERB	_	Aspect=Imp|Gender=Neut|Mood=Ind|Number=Sing|Tense=Past|VerbForm=Fin|Voice=Act	63	acl	_	@r1994m-words#@r1994m#92.163#92.526
70	/	/	PUNCT	_	_	69	punct	_	@r1994m-words#@r1994m#92.965#93.201
71	я	я	PRON	_	Case=Nom|Number=Sing|Person=1	69	nsubj	_	@r1994m-words#@r1994m#93.201#93.437
72	и	и	CCONJ	_	_	75	advmod	_	@r1994m-words#@r1994m#93.437#93.673
73	в	в	ADP	_	_	75	case	_	@r1994m-words#@r1994m#93.673#93.909
74	детском	детский	ADJ	_	Case=Loc|Degree=Pos|Gender=Masc|Number=Sing	75	amod	_	@r1994m-words#@r1994m#93.909#94.145
75	доме	дом	NOUN	_	Animacy=Inan|Case=Loc|Gender=Masc|Number=Sing	69	obl	_	@r1994m-words#@r1994m#94.145#94.381
76	побывал	побывать	VERB	_	Aspect=Perf|Gender=Masc|Mood=Ind|Number=Sing|Tense=Past|VerbForm=Fin|Voice=Act	69	nsubj	_	@r1994m-words#@r1994m#94.381#94.617
77	и	и	CCONJ	_	_	79	advmod	_	@r1994m-words#@r1994m#94.617#94.853
78	в	в	ADP	_	_	79	case	_	@r1994m-words#@r1994m#94.853#95.089
79	интернате	интернат	NOUN	_	Animacy=Inan|Case=Loc|Gender=Masc|Number=Sing	76	obl	_	@r1994m-words#@r1994m#95.089#95.326
80	/	/	PUNCT	_	_	91	punct	_	@r1994m-words#@r1994m#95.806#96.18
81	то	то	SCONJ	_	Animacy=Inan|Case=Nom|Gender=Neut|Number=Sing	91	mark	_	@r1994m-words#@r1994m#96.18#96.554
82	есть	есть	CCONJ	_	Aspect=Imp|Mood=Ind|Number=Sing|Person=3|Tense=Pres|VerbForm=Fin|Voice=Act	81	fixed	_	@r1994m-words#@r1994m#96.554#96.928
83	/	/	PUNCT	_	_	81	punct	_	@r1994m-words#@r1994m#96.928#97.302
84	видимо	видимо	ADV	_	Degree=Pos	91	advmod	_	@r1994m-words#@r1994m#97.302#97.676
85	это	это	PRON	_	Animacy=Inan|Case=Nom|Gender=Neut|Number=Sing	91	nsubj	_	@r1994m-words#@r1994m#97.676#98.05
86	на…	на…	X	_	_	85	punct	_	@r1994m-words#@r1994m#98.05#98.424
87	настолько	настолько	ADV	_	Degree=Pos	91	mark	_	@r1994m-words#@r1994m#98.424#98.798
88	для	для	ADP	_	_	89	case	_	@r1994m-words#@r1994m#98.798#99.172
89	меня	я	PRON	_	Case=Gen|Number=Sing|Person=1	91	obl	_	@r1994m-words#@r1994m#99.172#99.546
90	вот	вот	PART	_	_	91	advmod	_	@r1994m-words#@r1994m#99.546#99.92
91	стало	стать	VERB	_	Aspect=Perf|Gender=Neut|Mood=Ind|Number=Sing|Tense=Past|VerbForm=Fin|Voice=Mid	79	parataxis	_	@r1994m-words#@r1994m#99.92#100.294
92	родное	родной	ADJ	_	Case=Acc|Degree=Pos|Gender=Neut|Number=Sing	93	amod	_	@r1994m-words#@r1994m#100.294#100.668
93	место	место	NOUN	_	Animacy=Inan|Case=Acc|Gender=Neut|Number=Sing	116	obj	_	@r1994m-words#@r1994m#100.668#101.045
94	/	/	PUNCT	_	_	101	punct	_	@r1994m-words#@r1994m#101.227#101.545
95	потому	потому	SCONJ	_	Degree=Pos	101	mark	_	@r1994m-words#@r1994m#101.545#101.863
96	что	что	SCONJ	_	_	95	fixed	_	@r1994m-words#@r1994m#101.863#102.181
97	где	где	ADV	_	Degree=Pos	101	advmod	_	@r1994m-words#@r1994m#102.181#102.499
98	бы	бы	AUX	_	_	101	aux	_	@r1994m-words#@r1994m#102.499#102.817
99	я	я	PRON	_	Case=Nom|Number=Sing|Person=1	101	nsubj	_	@r1994m-words#@r1994m#102.817#103.135
100	ни	ни	PART	_	_	101	advmod	_	@r1994m-words#@r1994m#103.135#103.453
101	работал	работать	VERB	_	Aspect=Imp|Gender=Masc|Mood=Ind|Number=Sing|Tense=Past|VerbForm=Fin|Voice=Act	116	parataxis	_	@r1994m-words#@r1994m#103.453#103.771
102	/	/	PUNCT	_	_	106	punct	_	@r1994m-words#@r1994m#103.771#104.089
103	я	я	PRON	_	Case=Nom|Number=Sing|Person=1	106	nsubj	_	@r1994m-words#@r1994m#104.089#104.407
104	никогда	никогда	ADV	_	Degree=Pos	106	advmod	_	@r1994m-words#@r1994m#104.407#104.725
105	не	не	PART	_	_	106	advmod	_	@r1994m-words#@r1994m#104.725#105.043
106	чувствовал	чувствовать	VERB	_	Aspect=Imp|Gender=Masc|Mood=Ind|Number=Sing|Tense=Past|VerbForm=Fin|Voice=Act	101	conj	_	@r1994m-words#@r1994m#105.043#105.361
107	такой	такой	DET	_	Case=Ins|Gender=Fem|Number=Sing	106	det	_	@r1994m-words#@r1994m#105.361#105.679
108	вот	вот	PART	_	_	107	advmod	_	@r1994m-words#@r1994m#105.679#105.997
109	/	/	PUNCT	_	_	111	punct	_	@r1994m-words#@r1994m#105.997#106.315
110	ну	ну	PART	_	_	111	parataxis	_	@r1994m-words#@r1994m#106.315#106.633
111	тут	тут	ADV	_	Degree=Pos	116	advmod	_	@r1994m-words#@r1994m#106.633#106.951
112	правда	правда	ADV	_	Degree=Pos	116	parataxis	_	@r1994m-words#@r1994m#106.951#107.269
113	все	все	DET	_	Case=Nom|Number=Plur	114	det	_	@r1994m-words#@r1994m#107.269#107.587
114	друг	друг	PRON	_	Animacy=Anim|Case=Nom|Gender=Masc|Number=Sing	116	nsubj	_	@r1994m-words#@r1994m#107.587#107.905
115	друга	друг	PROM	_	Animacy=Anim|Case=Acc|Gender=Masc|Number=Sing	114	fixed	_	@r1994m-words#@r1994m#107.905#108.223
116	пытаются	пытаться	VERB	_	Aspect=Imp|Mood=Ind|Number=Plur|Person=3|Tense=Pres|VerbForm=Fin|Voice=Mid	91	csubj	_	@r1994m-words#@r1994m#108.223#108.541
117	поддержать	поддержать	VERB	_	Aspect=Perf|VerbForm=Inf|Voice=Act	116	xcomp	_	@r1994m-words#@r1994m#108.541#108.859
118	/	/	PUNCT	_	_	120	punct	_	@r1994m-words#@r1994m#108.859#109.177
119	какие-то	какой-то	PRON	_	Case=Nom|Number=Plur	120	det	_	@r1994m-words#@r1994m#109.177#109.495
120	сложности	сложность	NOUN	_	Animacy=Inan|Case=Nom|Gender=Fem|Number=Plur	117	obl	_	@r1994m-words#@r1994m#109.495#109.813
121	как-то	как-то	ADV	_	Degree=Pos	122	advmod	_	@r1994m-words#@r1994m#109.813#110.131
122	помочь	помочь	VERB	_	Aspect=Perf|VerbForm=Inf|Voice=Act	120	obl	_	@r1994m-words#@r1994m#110.131#110.449
123	решить	решить	VERB	_	Aspect=Perf|VerbForm=Inf|Voice=Act	122	xcomp	_	@r1994m-words#@r1994m#110.449#110.767
124	/	/	PUNCT	_	_	123	punct	_	@r1994m-words#@r1994m#110.767#111.085
125	это	это	PRON	_	Animacy=Inan|Case=Nom|Gender=Neut|Number=Sing	127	nsubj	_	@r1994m-words#@r1994m#111.085#111.403
126	настолько	настолько	ADV	_	Degree=Pos	127	obl	_	@r1994m-words#@r1994m#111.403#111.721
127	круто	круто	ADJ	_	Degree=Pos|Gender=Neut|Number=Sing|Variant=Short	122	conj	_	@r1994m-words#@r1994m#111.721#112.039
128	и	и	CCONJ	_	_	130	cc	_	@r1994m-words#@r1994m#112.039#112.357
129	я	я	PRON	_	Case=Nom|Number=Sing|Person=1	130	nsubj	_	@r1994m-words#@r1994m#112.357#112.675
130	надеюсь	надеяться	VERB	_	Aspect=Imp|Mood=Ind|Number=Sing|Person=1|Tense=Pres|VerbForm=Fin|Voice=Mid	137	parataxis	_	@r1994m-words#@r1994m#112.675#112.993
131	что	что	SCONJ	_	Case=Nom	137	nsubj	_	@r1994m-words#@r1994m#112.993#113.311
132	/	/	PUNCT	_	_	131	punct	_	@r1994m-words#@r1994m#113.311#113.629
133	когда-нибудь	когда-нибудь	ADV	_	Degree=Pos	137	parataxis	_	@r1994m-words#@r1994m#113.629#113.947
134	/	/	PUNCT	_	_	133	punct	_	@r1994m-words#@r1994m#113.947#114.265
135	во	в	ADP	_	_	137	case	_	@r1994m-words#@r1994m#114.265#114.583
136	всех	все	DET	_	Case=Loc|Number=Plur	137	det	_	@r1994m-words#@r1994m#114.583#114.901
137	клубах	клуб	NOUN	_	Animacy=Inan|Case=Loc|Gender=Masc|Number=Plur	122	conj	_	@r1994m-words#@r1994m#114.901#115.219
138	а	а	X	_	_	_	_	_	@r1994m-words#@r1994m#115.219#115.537
139	/	/	PUNCT	_	_	141	nsubj	_	@r1994m-words#@r1994m#115.537#115.855
140	будет	быть	VERB	_	Aspect=Imp|Mood=Ind|Number=Sing|Person=3|Tense=Fut|VerbForm=Fin|Voice=Act	141	cop	_	@r1994m-words#@r1994m#115.855#116.173
141	так	так	ADV	_	Degree=Pos	137	conj	_	@r1994m-words#@r1994m#116.173#116.531
142	/	/	PUNCT	_	_	143	punct	_	@r1994m-words#@r1994m#117.093#117.483
143	приглашаю	приглашать	VERB	_	Aspect=Imp|Mood=Ind|Number=Sing|Person=1|Tense=Pres|VerbForm=Fin|Voice=Act	141	conj	_	@r1994m-words#@r1994m#117.483#117.873
144	всех	все	PRON	_	Animacy=Anim|Case=Acc|Number=Plur	143	obj	_	@r1994m-words#@r1994m#117.873#118.263
145	в	в	ADP	_	_	146	case	_	@r1994m-words#@r1994m#118.263#118.653
146	клуб	клуб	NOUN	_	Animacy=Inan|Case=Acc|Gender=Masc|Number=Sing	143	obl	_	@r1994m-words#@r1994m#118.653#119.043
147	Малевич	Малевич	PROPN	_	Animacy=Anim|Case=Nom|Gender=Masc|Number=Sing	151	nsubj	_	@r1994m-words#@r1994m#119.043#119.433
148	потому	потому	SCONJ	_	Degree=Pos	151	mark	_	@r1994m-words#@r1994m#119.433#119.823
149	что	что	SCONJ	_	_	148	fixed	_	@r1994m-words#@r1994m#119.823#120.213
150	здесь	здесь	ADV	_	Degree=Pos	151	advmod	_	@r1994m-words#@r1994m#120.213#120.603
151	лалайла	лалайла	X	_	_	_	_	_	@r1994m-words#@r1994m#120.603#121.0
152	/	/	PUNCT	_	_	155	punct	_	@r1994m-words#@r1994m#148.968#149.11
153	как	как	SCONJ	_	_	155	mark	_	@r1994m-words#@r1994m#149.11#149.252
154	я	я	PRON	_	Case=Nom|Number=Sing|Person=1	155	nsubj	_	@r1994m-words#@r1994m#149.252#149.394
155	стал	стать	VERB	_	Aspect=Perf|Gender=Masc|Mood=Ind|Number=Sing|Tense=Past|VerbForm=Fin|Voice=Mid	151	advcl	_	@r1994m-words#@r1994m#149.394#149.536
156	травести	травести	ADJ	_	Case=Gen	157	nummod	_	@r1994m-words#@r1994m#149.536#149.678
157	артистом	артист	NOUN	_	Animacy=Anim|Case=Ins|Gender=Masc|Number=Sing	155	obl	_	@r1994m-words#@r1994m#149.678#149.82
158	/	/	PUNCT	_	_	159	punct	_	@r1994m-words#@r1994m#149.82#149.962
159	так	так	PART	_	Degree=Pos	164	parataxis	_	@r1994m-words#@r1994m#149.962#150.104
160	/	/	PUNCT	_	_	164	punct	_	@r1994m-words#@r1994m#150.104#150.246
161	ммм	ммм	X	_	_	_	_	_	@r1994m-words#@r1994m#150.246#150.388
162	/	/	PUNCT	_	_	164	punct	_	@r1994m-words#@r1994m#150.388#150.53
163	это	это	PRON	_	Animacy=Inan|Case=Nom|Gender=Neut|Number=Sing	164	nsubj	_	@r1994m-words#@r1994m#150.53#150.672
164	случилось	случиться	VERB	_	Aspect=Perf|Gender=Neut|Mood=Ind|Number=Sing|Tense=Past|VerbForm=Fin|Voice=Mid	155	conj	_	@r1994m-words#@r1994m#150.672#150.814
165	спонтанно	спонтанно	ADV	_	Degree=Pos	164	advmod	_	@r1994m-words#@r1994m#150.814#150.968
166	/	/	PUNCT	_	_	192	punct	_	@r1994m-words#@r1994m#152.5#153.029
167	а	а	X	_	_	_	_	_	@r1994m-words#@r1994m#153.029#153.558
168	примерно	примерно	ADV	_	Degree=Pos	171	advmod	_	@r1994m-words#@r1994m#153.558#154.087
169	/	/	PUNCT	_	_	171	punct	_	@r1994m-words#@r1994m#154.087#154.616
170	где-то	где-то	ADV	_	Degree=Pos	171	advmod	_	@r1994m-words#@r1994m#154.616#155.145
171	три	три	NUM	_	Animacy=Inan|Case=Acc	172	nummod:gov	_	@r1994m-words#@r1994m#155.145#155.674
172	года	год	NOUN	_	Animacy=Inan|Case=Gen|Gender=Masc|Number=Sing	192	obl	_	@r1994m-words#@r1994m#155.674#156.203
173	назад	назад	ADV	_	Degree=Pos	172	advmod	_	@r1994m-words#@r1994m#156.203#156.732
174	/	/	PUNCT	_	_	183	punct	_	@r1994m-words#@r1994m#156.732#157.261
175	когда	когда	SCONJ	_	_	183	mark	_	@r1994m-words#@r1994m#157.261#157.79
176	я	я	PRON	_	Case=Nom|Number=Sing|Person=1	183	nsubj	_	@r1994m-words#@r1994m#157.79#158.319
177	был	быть	VERB	_	Aspect=Imp|Gender=Masc|Mood=Ind|Number=Sing|Tense=Past|VerbForm=Fin|Voice=Act	183	cop	_	@r1994m-words#@r1994m#158.319#158.848
178	на	на	ADP	_	_	179	case	_	@r1994m-words#@r1994m#158.848#159.377
179	дне	день	NOUN	_	Animacy=Inan|Case=Loc|Gender=Masc|Number=Sing	183	nmod	_	@r1994m-words#@r1994m#159.377#159.906
180	рождения	рождение	NOUN	_	Animacy=Inan|Case=Gen|Gender=Neut|Number=Sing	179	nmod	_	@r1994m-words#@r1994m#159.906#160.435
181	у	у	ADP	_	_	183	case	_	@r1994m-words#@r1994m#160.435#160.964
182	одной	один	PRON	_	Case=Loc|Gender=Fem	183	nummod	_	@r1994m-words#@r1994m#160.964#161.493
183	артистки	артистка	NOUN	_	Animacy=Anim|Case=Gen|Gender=Fem|Number=Sing	172	nmod	_	@r1994m-words#@r1994m#161.493#162.022
184	#смех#	#смех#	X	_	Animacy=Inan|Case=Gen|Gender=Fem|Number=Sing	183	nmod	_	@r1994m-words#@r1994m#162.022#162.562
185	/	/	PUNCT	_	_	187	punct	_	@r1994m-words#@r1994m#163.968#164.337
186	и	и	CCONJ	_	_	187	cc	_	@r1994m-words#@r1994m#164.337#164.706
187	перебрав	перебрать	VERB	_	Aspect=Perf|Tense=Past|VerbForm=Conv|Voice=Act	192	advcl	_	@r1994m-words#@r1994m#164.706#165.075
188	/	/	PUNCT	_	_	187	punct	_	@r1994m-words#@r1994m#165.075#165.444
189	я	я	PRON	_	Case=Nom|Number=Sing|Person=1	192	nsubj	_	@r1994m-words#@r1994m#165.444#165.813
190	#смех#	#смех#	X	_	_	189	nmod	_	@r1994m-words#@r1994m#165.813#166.182
191	/	/	PUNCT	_	_	190	punct	_	@r1994m-words#@r1994m#166.182#166.551
192	начал	начать	VERB	_	Aspect=Perf|Gender=Masc|Mood=Ind|Number=Sing|Tense=Past|VerbForm=Fin|Voice=Act	164	conj	_	@r1994m-words#@r1994m#166.551#166.92
193	портить	портить	VERB	_	Aspect=Imp|VerbForm=Inf|Voice=Act	192	xcomp	_	@r1994m-words#@r1994m#166.92#167.289
194	шоу	шоу	NOUN	_	Animacy=Anim|Case=Acc|Gender=Masc|Number=Sing	193	iobj	_	@r1994m-words#@r1994m#167.289#167.658
195	#смех#	#смех#	X	_	_	_	nmod	_	@r1994m-words#@r1994m#167.658#168.031
196	/	/	PUNCT	_	_	198	punct	_	@r1994m-words#@r1994m#168.32#168.688
197	на	на	ADP	_	_	198	case	_	@r1994m-words#@r1994m#168.688#169.056
198	этом	это	PRON	_	Animacy=Inan|Case=Loc|Gender=Neut|Number=Sing	195	nmod	_	@r1994m-words#@r1994m#169.056#169.424
199	моя	мой	DET	_	Case=Nom|Gender=Fem|Number=Sing	200	det	_	@r1994m-words#@r1994m#169.424#169.792
200	дружба	дружба	NOUN	_	Animacy=Inan|Case=Nom|Gender=Fem|Number=Sing	204	nsubj	_	@r1994m-words#@r1994m#169.792#170.16
201	с	с	ADP	_	_	203	case	_	@r1994m-words#@r1994m#170.16#170.528
202	той	тот	DET	_	Case=Ins|Gender=Fem|Number=Sing	203	det	_	@r1994m-words#@r1994m#170.528#170.896
203	артисткой	артистка	NOUN	_	Animacy=Inan|Case=Ins|Gender=Fem|Number=Sing	204	obl	_	@r1994m-words#@r1994m#170.896#171.264
204	закончилась	закончиться	VERB	_	Aspect=Perf|Gender=Fem|Mood=Ind|Number=Sing|Tense=Past|VerbForm=Fin|Voice=Mid	193	ccomp	_	@r1994m-words#@r1994m#171.264#171.64
205	/	/	PUNCT	_	_	210	punct	_	@r1994m-words#@r1994m#171.96#172.262
206	и	и	CCONJ	_	_	210	cc	_	@r1994m-words#@r1994m#172.262#172.564
207	как-то	как-то	ADV	_	Degree=Pos	210	advmod	_	@r1994m-words#@r1994m#172.564#172.866
208	ко	к	ADP	_	_	209	case	_	@r1994m-words#@r1994m#172.866#173.168
209	мне	я	PRON	_	Case=Dat|Number=Sing|Person=1	210	obl	_	@r1994m-words#@r1994m#173.168#173.47
210	подходят	подходить	VERB	_	Aspect=Imp|Mood=Ind|Number=Plur|Person=3|Tense=Pres|VerbForm=Fin|Voice=Act	204	conj	_	@r1994m-words#@r1994m#173.47#173.772
211	уже	уже	ADV	_	Degree=Pos	210	advmod	_	@r1994m-words#@r1994m#173.772#174.074
212	посл…	посл…	X	_	_	217	_	_	@r1994m-words#@r1994m#174.074#174.376
213	там	там	ADV	_	Degree=Pos	217	advmod	_	@r1994m-words#@r1994m#174.376#174.678
214	как-то	как-то	ADV	_	Degree=Pos	215	obl	_	@r1994m-words#@r1994m#174.678#174.98
215	шоу-программа	шоу-программа	NOUN	_	Animacy=Inan|Case=Nom|Gender=Fem|Number=Sing	217	nsubj	_	@r1994m-words#@r1994m#174.98#175.282
216	эта	этот	DET	_	Case=Nom|Gender=Fem|Number=Sing	215	det	_	@r1994m-words#@r1994m#175.282#175.584
217	закончилась	закончиться	VERB	_	Aspect=Perf|Gender=Fem|Mood=Ind|Number=Sing|Tense=Past|VerbForm=Fin|Voice=Mid	210	ccomp	_	@r1994m-words#@r1994m#175.584#175.886
218	/	/	PUNCT	_	_	222	punct	_	@r1994m-words#@r1994m#175.886#176.188
219	и	и	CCONJ	_	_	222	cc	_	@r1994m-words#@r1994m#176.188#176.49
220	ко	к	ADP	_	_	221	case	_	@r1994m-words#@r1994m#176.49#176.792
221	мне	я	PRON	_	Case=Dat|Number=Sing|Person=1	222	obl	_	@r1994m-words#@r1994m#176.792#177.094
222	подходит	подходить	VERB	_	Aspect=Imp|Mood=Ind|Number=Sing|Person=3|Tense=Pres|VerbForm=Fin|Voice=Act	217	conj	_	@r1994m-words#@r1994m#177.094#177.396
223	другая	другой	PRON	_	Case=Nom|Degree=Pos|Gender=Fem|Number=Sing	224	amod	_	@r1994m-words#@r1994m#177.396#177.698
224	травести	травести	ADJ	_	Animacy=Inan|Case=Nom|Degree=Pos|Gender=Fem|Number=Sing	322	nummod	_	@r1994m-words#@r1994m#177.698#178.0
225	артистк…	артистк…	X	_	_	_	_	_	@r1994m-words#@r1994m#178.0#178.302
226	дива	дива	NOUN	_	Animacy=Inan|Case=Nom|Gender=Fem|Number=Sing	322	nmod	_	@r1994m-words#@r1994m#178.302#178.604
227	и	и	CCONJ	_	_	229	cc	_	@r1994m-words#@r1994m#178.604#178.906
228	/	/	PUNCT	_	_	229	punct	_	@r1994m-words#@r1994m#178.906#179.208
229	говорит	говорить	VERB	_	Aspect=Imp|Mood=Ind|Number=Sing|Person=3|Tense=Pres|VerbForm=Fin|Voice=Act	322	parataxis	_	@r1994m-words#@r1994m#179.208#179.51
230	/	/	PUNCT	_	_	234	punct	_	@r1994m-words#@r1994m#179.51#179.812
231	а	а	CCONJ	_	_	234	cc	_	@r1994m-words#@r1994m#179.812#180.114
232	ты	ты	PRON	_	Case=Nom|Number=Sing|Person=2	234	nsubj	_	@r1994m-words#@r1994m#180.114#180.416
233	не	не	PART	_	_	234	advmod	_	@r1994m-words#@r1994m#180.416#180.718
234	хочешь	хотеть	VERB	_	Aspect=Imp|Mood=Ind|Number=Sing|Person=2|Tense=Pres|VerbForm=Fin|Voice=Act	229	conj	_	@r1994m-words#@r1994m#180.718#181.02
235	попробовать	пробовать	VERB	_	Aspect=Perf|VerbForm=Inf|Voice=Act	234	xcomp	_	@r1994m-words#@r1994m#181.02#181.322
236	травести	травести	NOUN	_	Animacy=Inan|Case=Acc|Gender=Neut|Number=Sing	235	obj	_	@r1994m-words#@r1994m#181.322#181.631
237	/	/	PUNCT	_	_	234	punct	_	@r1994m-words#@r1994m#181.842#182.225
238	я	я	PRON	_	Case=Nom|Number=Sing|Person=1	229	nsubj	_	@r1994m-words#@r1994m#182.225#182.608
239	такой	такой	DET	_	Case=Ins|Gender=Fem|Number=Sing	229	det	_	@r1994m-words#@r1994m#182.608#182.991
240	о	о	X	_	_	_	_	_	@r1994m-words#@r1994m#182.991#183.374
241	а	а	CCONJ	_	_	247	cc	_	@r1994m-words#@r1994m#183.374#183.757
242	я	я	PRON	_	Case=Nom|Number=Sing|Person=1	247	nsubj	_	@r1994m-words#@r1994m#183.757#184.14
243	пьяный	пьяный	ADJ	_	Animacy=Inan|Case=Nom|Degree=Pos|Gender=Masc|Number=Sing	245	amod	_	@r1994m-words#@r1994m#184.14#184.523
244	/	/	PUNCT	_	_	245	punct	_	@r1994m-words#@r1994m#184.523#184.906
245	ой	ой	X	_	_	_	_	_	@r1994m-words#@r1994m#184.906#185.289
246	хочу	хотеть	VERB	_	Aspect=Imp|Mood=Ind|Number=Sing|Person=1|Tense=Pres|VerbForm=Fin|Voice=Act	247	xcomp	_	@r1994m-words#@r1994m#185.289#185.672
247	хочу	хотеть	VERB	_	Aspect=Imp|Mood=Ind|Number=Sing|Person=1|Tense=Pres|VerbForm=Fin|Voice=Act	239	acl:relcl	_	@r1994m-words#@r1994m#185.672#186.055
248	конечно	конечно	ADV	_	Degree=Pos	249	parataxis	_	@r1994m-words#@r1994m#186.055#186.438
249	хочу	хотеть	VERB	_	Aspect=Imp|Mood=Ind|Number=Sing|Person=1|Tense=Pres|VerbForm=Fin|Voice=Act	247	xcomp	_	@r1994m-words#@r1994m#186.438#186.821
250	а	а	X	_	_	_	_	_	@r1994m-words#@r1994m#186.821#187.204
251	/	/	PUNCT	_	_	254	punct	_	@r1994m-words#@r1994m#187.204#187.587
252	ну	ну	PART	_	_	254	parataxis	_	@r1994m-words#@r1994m#187.587#187.97
253	мне	я	PRON	_	Case=Dat|Number=Sing|Person=1	254	iobj	_	@r1994m-words#@r1994m#187.97#188.353
254	назначили	назначить	VERB	_	Aspect=Perf|Mood=Ind|Number=Plur|Tense=Past|VerbForm=Fin|Voice=Act	249	conj	_	@r1994m-words#@r1994m#188.353#188.736
255	когда	когда	SCONJ	_	_	256	mark	_	@r1994m-words#@r1994m#188.736#189.119
256	нужно	нужно	ADV	_	Degree=Pos	254	_	_	@r1994m-words#@r1994m#189.119#189.502
257	прийти	прийти	VERB	_	Aspect=Perf|VerbForm=Inf|Voice=Act	256	xcomp	_	@r1994m-words#@r1994m#189.502#189.894
258	/	/	PUNCT	_	_	267	punct	_	@r1994m-words#@r1994m#190.035#190.326
259	и	и	CCONJ	_	_	267	cc	_	@r1994m-words#@r1994m#190.326#190.617
260	наутро	наутро	ADV	_	Degree=Pos	267	advmod	_	@r1994m-words#@r1994m#190.617#190.908
261	я	я	PRON	_	Case=Nom|Number=Sing|Person=1	267	nsubj	_	@r1994m-words#@r1994m#190.908#191.199
262	конечно	конечно	ADV	_	Degree=Pos	267	parataxis	_	@r1994m-words#@r1994m#191.199#191.49
263	я	я	PRON	_	Case=Nom|Number=Sing|Person=1	267	nsubj	_	@r1994m-words#@r1994m#191.49#191.781
264	когда	когда	SCONJ	_	_	267	mark	_	@r1994m-words#@r1994m#191.781#192.072
265	это	это	PRON	_	Animacy=Inan|Case=Acc|Gender=Neut|Number=Sing	267	obj	_	@r1994m-words#@r1994m#192.072#192.363
266	все	весь	DET	_	Case=Acc|Gender=Neut|Number=Sing	265	det	_	@r1994m-words#@r1994m#192.363#192.654
267	вспомнил	вспомнить	VERB	_	Aspect=Perf|Gender=Masc|Mood=Ind|Number=Sing|Tense=Past|VerbForm=Fin|Voice=Act	257	ccomp	_	@r1994m-words#@r1994m#192.654#192.945
268	/	/	PUNCT	_	_	278	punct	_	@r1994m-words#@r1994m#192.945#193.236
269	что	что	SCONJ	_	_	278	mark	_	@r1994m-words#@r1994m#193.236#193.527
270	мне	я	PRON	_	Case=Dat|Number=Sing|Person=1	278	iobj	_	@r1994m-words#@r1994m#193.527#193.818
271	нужно…	нужно	AUX	_	_	270	det	_	@r1994m-words#@r1994m#193.818#194.109
272	/	/	PUNCT	_	_	278	punct	_	@r1994m-words#@r1994m#194.109#194.4
273	я	я	PRON	_	Case=Nom|Number=Sing|Person=1	278	nsubj	_	@r1994m-words#@r1994m#194.4#194.691
274	как	как	SCONJ	_	_	275	mark	_	@r1994m-words#@r1994m#194.691#194.982
275	помню	помнить	VERB	_	Aspect=Imp|Mood=Ind|Number=Sing|Person=1|Tense=Pres|VerbForm=Fin|Voice=Act	278	advcl	_	@r1994m-words#@r1994m#194.982#195.273
276	что	что	SCONJ	_	Case=Acc	280	mark	_	@r1994m-words#@r1994m#195.273#195.564
277	мне	я	PRON	_	Case=Dat|Number=Sing|Person=1	278	iobj	_	@r1994m-words#@r1994m#195.564#195.855
278	нужно	нужно	AUX	_	Degree=Pos|Gender=Neut|Number=Sing|Variant=Short	267	det	_	@r1994m-words#@r1994m#195.855#196.146
279	было	быть	AUX	_	Aspect=Imp|Gender=Neut|Mood=Ind|Number=Sing|Tense=Past|VerbForm=Fin|Voice=Act	278	cop	_	@r1994m-words#@r1994m#196.146#196.437
280	прийти	прийти	VERB	_	Aspect=Perf|VerbForm=Inf|Voice=Act	278	csubj	_	@r1994m-words#@r1994m#196.437#196.728
281	в	в	ADP	_	_	282	case	_	@r1994m-words#@r1994m#196.728#197.019
282	среду	среда	NOUN	_	Animacy=Inan|Case=Acc|Gender=Fem|Number=Sing	280	obl	_	@r1994m-words#@r1994m#197.019#197.31
283	/	/	PUNCT	_	_	278	punct	_	@r1994m-words#@r1994m#197.31#197.601
284	это	это	PRON	_	Animacy=Inan|Case=Nom|Gender=Neut|Number=Sing	267	nsubj	_	@r1994m-words#@r1994m#197.601#197.892
285	было	быть	VERB	_	Aspect=Imp|Gender=Neut|Mood=Ind|Number=Sing|Tense=Past|VerbForm=Fin|Voice=Act	267	aux	_	@r1994m-words#@r1994m#197.892#198.183
286	к	к	ADP	_	_	287	case	_	@r1994m-words#@r1994m#198.183#198.474
287	пяти	пять	NUM	_	Case=Gen	267	nummod	_	@r1994m-words#@r1994m#198.474#198.765
288	к	к	ADP	_	_	290	case	_	@r1994m-words#@r1994m#198.765#199.056
289	пяти	пять	NUM	_	Case=Gen	290	nummod	_	@r1994m-words#@r1994m#199.056#199.347
290	вечера	вечер	NOUN	_	Animacy=Inan|Case=Gen|Gender=Masc|Number=Sing	287	nmod	_	@r1994m-words#@r1994m#199.347#199.649
291	/	/	PUNCT	_	_	296	punct	_	@r1994m-words#@r1994m#199.947#200.221
292	а	а	X	_	_	_	_	_	@r1994m-words#@r1994m#200.221#200.495
293	и	и	PART	_	_	292	advmod	_	@r1994m-words#@r1994m#200.495#200.769
294	я	я	PRON	_	Case=Nom|Number=Sing|Person=1	296	nsubj	_	@r1994m-words#@r1994m#200.769#201.043
295	такой	такой	DET	_	Case=Nom|Gender=Masc|Number=Sing	294	det	_	@r1994m-words#@r1994m#201.043#201.317
296	думаю	думать	VERB	_	Aspect=Imp|Mood=Ind|Number=Sing|Person=1|Tense=Pres|VerbForm=Fin|Voice=Act	267	conj	_	@r1994m-words#@r1994m#201.317#201.591
297	боже	бог	NOUN	_	Animacy=Anim|Case=Voc|Gender=Masc|Number=Sing	296	obj	_	@r1994m-words#@r1994m#201.591#201.865
298	/	/	PUNCT	_	_	301	punct	_	@r1994m-words#@r1994m#201.865#202.139
299	куда	куда	PRON	_	Degree=Pos	301	_	_	@r1994m-words#@r1994m#202.139#202.413
300	я	я	PRON	_	Case=Nom|Number=Sing|Person=1	301	nsubj	_	@r1994m-words#@r1994m#202.413#202.687
301	пойду	пойти	VERB	_	Aspect=Perf|Mood=Ind|Number=Sing|Person=1|Tense=Fut|VerbForm=Fin|Voice=Act	297	acl:relcl	_	@r1994m-words#@r1994m#202.687#202.961
302	у	у	ADP	_	_	303	case	_	@r1994m-words#@r1994m#202.961#203.235
303	меня	я	PRON	_	Case=Gen|Number=Sing|Person=1	301	obl	_	@r1994m-words#@r1994m#203.235#203.509
304	ничего	ничто	PRON	_	Case=Gen	305	obl	_	@r1994m-words#@r1994m#203.509#203.783
305	нету	нет	VERB	_	Aspect=Imp|Mood=Ind|Number=Sing|Person=3|Tense=Pres|VerbForm=Fin|Voice=Act	301	xcomp	_	@r1994m-words#@r1994m#203.783#204.057
306	/	/	PUNCT	_	_	308	punct	_	@r1994m-words#@r1994m#204.057#204.331
307	ни	ни	CCONJ	_	_	308	cc	_	@r1994m-words#@r1994m#204.331#204.605
308	одежды	одежда	NOUN	_	Animacy=Inan|Case=Gen|Gender=Fem|Number=Sing	305	obl	_	@r1994m-words#@r1994m#204.605#204.879
309	них…	них…	X	_	_	_	_	_	@r1994m-words#@r1994m#204.879#205.153
310	ничего	ничто	PRON	_	Case=Gen	318	obl	_	@r1994m-words#@r1994m#205.153#205.44
311	/	/	PUNCT	_	_	318	punct	_	@r1994m-words#@r1994m#205.508#205.865
312	я	я	PRON	_	Case=Nom|Number=Sing|Person=1	318	nsubj	_	@r1994m-words#@r1994m#205.865#206.222
313	об	о	ADP	_	_	314	case	_	@r1994m-words#@r1994m#206.222#206.579
314	этом	это	PRON	_	Animacy=Inan|Case=Loc|Gender=Neut|Number=Sing	318	obl	_	@r1994m-words#@r1994m#206.579#206.936
315	как-то	как-то	ADV	_	Degree=Pos	316	advmod	_	@r1994m-words#@r1994m#206.936#207.293
316	глобально	глобально	ADV	_	Degree=Pos	318	advmod	_	@r1994m-words#@r1994m#207.293#207.65
317	не	не	PART	_	_	318	advmod	_	@r1994m-words#@r1994m#207.65#208.007
318	задумывался	задумываться	VERB	_	Aspect=Imp|Gender=Masc|Mood=Ind|Number=Sing|Tense=Past|VerbForm=Fin|Voice=Mid	308	parataxis	_	@r1994m-words#@r1994m#208.007#208.364
319	да	да	PART	_	_	345	advmod	_	@r1994m-words#@r1994m#208.364#208.721
320	желание	желание	NOUN	_	Animacy=Inan|Case=Nom|Gender=Neut|Number=Sing	318	nsubj	_	@r1994m-words#@r1994m#208.721#209.078
321	попробовать	пробовать	VERB	_	Aspect=Perf|VerbForm=Inf|Voice=Act	320	obl	_	@r1994m-words#@r1994m#209.078#209.435
322	оно	оно	PRON	_	Case=Nom|Gender=Neut|Number=Sing|Person=3	222	nsubj	_	@r1994m-words#@r1994m#209.435#209.792
323	было	быть	VERB	_	Aspect=Imp|Gender=Neut|Mood=Ind|Number=Sing|Tense=Past|VerbForm=Fin|Voice=Act	345	cop	_	@r1994m-words#@r1994m#209.792#210.152
324	/	/	PUNCT	_	_	328	punct	_	@r1994m-words#@r1994m#210.522#210.983
325	но	но	CCONJ	_	_	328	cc	_	@r1994m-words#@r1994m#210.983#211.444
326	когда	когда	SCONJ	_	_	328	mark	_	@r1994m-words#@r1994m#211.444#211.905
327	это	это	PRON	_	Animacy=Inan|Case=Nom|Gender=Neut|Number=Sing	328	nsubj	_	@r1994m-words#@r1994m#211.905#212.366
328	вот	вот	PART	_	_	345	advmod	_	@r1994m-words#@r1994m#212.366#212.827
329	тебе	ты	PRON	_	Case=Dat|Number=Sing|Person=2	328	iobj	_	@r1994m-words#@r1994m#212.827#213.288
330	/	/	PUNCT	_	_	331	punct	_	@r1994m-words#@r1994m#213.288#213.749
331	день	день	NOUN	_	Animacy=Inan|Case=Nom|Gender=Masc|Number=Sing	328	parataxis	_	@r1994m-words#@r1994m#213.749#214.21
332	/	/	PUNCT	_	_	342	punct	_	@r1994m-words#@r1994m#214.21#214.671
333	до	до	ADP	_	_	335	case	_	@r1994m-words#@r1994m#214.671#215.132
334	этого	этот	DET	_	Case=Gen|Gender=Neut|Number=Sing	335	det	_	@r1994m-words#@r1994m#215.132#215.593
335	собеседования	собеседование	NOUN	_	Animacy=Inan|Case=Gen|Gender=Neut|Number=Sing	342	obl	_	@r1994m-words#@r1994m#215.593#216.054
336	вот	вот	PART	_	_	337	advmod	_	@r1994m-words#@r1994m#216.054#216.515
337	этого	это	PRON	_	Animacy=Inan|Case=Gen|Gender=Neut|Number=Sing	342	obl	_	@r1994m-words#@r1994m#216.515#216.976
338	всего	весь	PRON	_	Animacy=Inan|Case=Gen|Gender=Neut|Number=Sing	342	obl	_	@r1994m-words#@r1994m#216.976#217.437
339	/	/	PUNCT	_	_	338	punct	_	@r1994m-words#@r1994m#217.437#217.898
340	ты	ты	PRON	_	Case=Nom|Number=Sing|Person=2	342	nsubj	_	@r1994m-words#@r1994m#217.898#218.359
341	такой	такой	DET	_	Case=Gen|Gender=Fem|Number=Sing	340	det	_	@r1994m-words#@r1994m#218.359#218.82
342	думаешь	думать	VERB	_	Aspect=Imp|Mood=Ind|Number=Sing|Person=2|Tense=Pres|VerbForm=Fin|Voice=Act	328	parataxis	_	@r1994m-words#@r1994m#218.82#219.281
343	#цензура#	#цензура#	X	_	_	_	_	_	@r1994m-words#@r1994m#219.281#219.761
344	/	/	PUNCT	_	_	342	punct	_	@r1994m-words#@r1994m#220.076#220.773
345	нельзя	нельзя	AUX	_	Degree=Pos	318	advmod	_	@r1994m-words#@r1994m#220.773#221.47
346	матом	мат	NOUN	_	Animacy=Anim|Case=Ins|Gender=Masc|Number=Sing	345	csubj	_	@r1994m-words#@r1994m#221.47#222.167
347	?	?	PUNCT	_	_	346	punct	_	@r1994m-words#@r1994m#222.167#222.864
348	#смех#	#смех#	X	_	_	_	_	_	@r1994m-words#@r1994m#222.864#223.564
349	/	/	PUNCT	_	_	352	punct	_	@r1994m-words#@r1994m#224.948#225.332
350	а	а	CCONJ	_	_	352	cc	_	@r1994m-words#@r1994m#225.332#225.716
351	/	/	PUNCT	_	_	352	punct	_	@r1994m-words#@r1994m#225.716#226.1
352	простите	простить	VERB	_	Aspect=Perf|Mood=Imp|Number=Plur|Person=2|VerbForm=Fin|Voice=Act	348	conj	_	@r1994m-words#@r1994m#226.1#226.484
353	/	/	PUNCT	_	_	352	punct	_	@r1994m-words#@r1994m#226.484#226.868
354	вот	вот	PART	_	_	352	advmod	_	@r1994m-words#@r1994m#226.868#227.256
355	/	/	PUNCT	_	_	352	punct	_	@r1994m-words#@r1994m#227.483#227.768
356	и	и	CCONJ	_	_	358	cc	_	@r1994m-words#@r1994m#227.768#228.053
357	а	а	X	_	_	_	_	_	@r1994m-words#@r1994m#228.053#228.338
358	получается	получаться	VERB	_	Aspect=Imp|Mood=Ind|Number=Sing|Person=3|Tense=Pres|VerbForm=Fin|Voice=Mid	345	conj	_	@r1994m-words#@r1994m#228.338#228.623
359	я	я	PRON	_	Case=Nom|Number=Sing|Person=1	358	nsubj	_	@r1994m-words#@r1994m#228.623#228.908
360	набираю	набирать	VERB	_	Aspect=Imp|Mood=Ind|Number=Sing|Person=1|Tense=Pres|VerbForm=Fin|Voice=Act	358	xcomp	_	@r1994m-words#@r1994m#228.908#229.193
361	всех	весь	DET	_	Case=Acc|Number=Plur	363	det	_	@r1994m-words#@r1994m#229.193#229.478
362	своих	свой	DET	_	Case=Acc|Number=Plur	363	det	_	@r1994m-words#@r1994m#229.478#229.763
363	знакомых	знакомый	NOUN	_	Animacy=Anim|Case=Acc|Gender=Masc|Number=Plur	360	obj	_	@r1994m-words#@r1994m#229.763#230.048
364	которые	который	SCONJ	_	Case=Nom	377	nsubj	_	@r1994m-words#@r1994m#230.048#230.333
365	у	у	ADP	_	_	366	case	_	@r1994m-words#@r1994m#230.333#230.618
366	меня	я	PRON	_	Case=Gen|Number=Sing|Person=1	377	obl	_	@r1994m-words#@r1994m#230.618#230.903
367	из	из	ADP	_	_	368	case	_	@r1994m-words#@r1994m#230.903#231.188
368	девочек	девочка	NOUN	_	Animacy=Anim|Case=Gen|Gender=Fem|Number=Plur	366	nmod	_	@r1994m-words#@r1994m#231.188#231.473
369	/	/	PUNCT	_	_	377	punct	_	@r1994m-words#@r1994m#231.473#231.758
370	всю	весь	DET	_	Case=Acc|Gender=Fem|Number=Sing	371	det	_	@r1994m-words#@r1994m#231.758#232.043
371	одежду	одежда	NOUN	_	Animacy=Inan|Case=Acc|Gender=Fem|Number=Sing	377	obj	_	@r1994m-words#@r1994m#232.043#232.328
372	которая	который	SCONJ	_	Case=Nom	373	nsubj	_	@r1994m-words#@r1994m#232.328#232.613
373	может	мочь	VERB	_	Aspect=Imp|Mood=Ind|Number=Sing|Person=3|Tense=Pres|VerbForm=Fin|Voice=Act	371	parataxis	_	@r1994m-words#@r1994m#232.613#232.898
374	/	/	PUNCT	_	_	373	punct	_	@r1994m-words#@r1994m#232.898#233.183
375	на	на	ADP	_	_	376	case	_	@r1994m-words#@r1994m#233.183#233.468
376	меня	я	PRON	_	Case=Acc|Number=Sing|Person=1	377	obl	_	@r1994m-words#@r1994m#233.468#233.753
377	налезть	налезть	VERB	_	Aspect=Perf|VerbForm=Inf|Voice=Act	360	xcomp	_	@r1994m-words#@r1994m#233.753#234.038
378	/	/	PUNCT	_	_	382	punct	_	@r1994m-words#@r1994m#234.038#234.323
379	да	да	PART	_	_	382	cc	_	@r1994m-words#@r1994m#234.323#234.608
380	это	это	PRON	_	Animacy=Inan|Case=Acc|Gender=Neut|Number=Sing	382	obj	_	@r1994m-words#@r1994m#234.608#234.893
381	я	я	PRON	_	Case=Nom|Number=Sing|Person=1	382	nsubj	_	@r1994m-words#@r1994m#234.893#235.178
382	похудею	похудеть	VERB	_	Aspect=Imp|Mood=Ind|Number=Sing|Person=1|Tense=Pres|VerbForm=Fin|Voice=Act	377	conj	_	@r1994m-words#@r1994m#235.178#235.466
383	/	/	PUNCT	_	_	387	punct	_	@r1994m-words#@r1994m#235.633#236.053
384	а	а	X	_	_	_	_	_	@r1994m-words#@r1994m#236.053#236.473
385	поэтому	поэтому	ADV	_	Degree=Pos	387	advmod	_	@r1994m-words#@r1994m#236.473#236.893
386	было	быть	AUX	_	Aspect=Imp|Gender=Neut|Mood=Ind|Number=Sing|Tense=Past|VerbForm=Fin|Voice=Act	387	cop	_	@r1994m-words#@r1994m#236.893#237.313
387	проще	простой	ADJ	_	Degree=Cmp	377	conj	_	@r1994m-words#@r1994m#237.313#237.733
388	/	/	PUNCT	_	_	389	punct	_	@r1994m-words#@r1994m#239.152#239.441
389	ам	ам	X	_	_	_	_	_	@r1994m-words#@r1994m#239.441#239.73
390	ну	ну	PART	_	_	392	parataxis	_	@r1994m-words#@r1994m#239.73#240.019
391	/	/	PUNCT	_	_	390	punct	_	@r1994m-words#@r1994m#240.019#240.308
392	я	я	PRON	_	Case=Nom|Number=Sing|Person=1	394	nsubj	_	@r1994m-words#@r1994m#240.308#240.597
393	выс…	выс…	X	_	_	_	_	_	@r1994m-words#@r1994m#240.597#240.886
394	выступил	выступить	VERB	_	Aspect=Perf|Gender=Masc|Mood=Ind|Number=Sing|Tense=Past|VerbForm=Fin|Voice=Act	387	ccomp	_	@r1994m-words#@r1994m#240.886#241.178
395	/	/	PUNCT	_	_	410	punct	_	@r1994m-words#@r1994m#241.605#241.901
396	все	все	DET	_	Animacy=Inan|Case=Nom|Gender=Neut|Number=Sing	410	det	_	@r1994m-words#@r1994m#241.901#242.197
397	/	/	PUNCT	_	_	399	punct	_	@r1994m-words#@r1994m#242.197#242.493
398	вроде	вроде	ADV	_	Degree=Pos	399	parataxis	_	@r1994m-words#@r1994m#242.493#242.789
399	нормально	нормально	ADV	_	Degree=Pos	410	advmod	_	@r1994m-words#@r1994m#242.789#243.085
400	и	и	CCONJ	_	_	403	cc	_	@r1994m-words#@r1994m#243.085#243.381
401	мне	я	PRON	_	Case=Dat|Number=Sing|Person=1	403	iobj	_	@r1994m-words#@r1994m#243.381#243.677
402	тут	тут	ADV	_	Degree=Pos	403	advmod	_	@r1994m-words#@r1994m#243.677#243.973
403	начинают	начинать	VERB	_	Aspect=Imp|Mood=Ind|Number=Plur|Person=3|Tense=Pres|VerbForm=Fin|Voice=Act	399	conj	_	@r1994m-words#@r1994m#243.973#244.269
404	а	а	X	_	_	_	_	_	@r1994m-words#@r1994m#244.269#244.565
405	рассказывают	рассказывать	VERB	_	Aspect=Imp|Mood=Ind|Number=Plur|Person=3|Tense=Pres|VerbForm=Fin|Voice=Act	406	parataxis	_	@r1994m-words#@r1994m#244.565#244.861
406	говорят	говорить	VERB	_	Aspect=Imp|Mood=Ind|Number=Plur|Person=3|Tense=Pres|VerbForm=Fin|Voice=Act	410	parataxis	_	@r1994m-words#@r1994m#244.861#245.157
407	все	весь	DET	_	Case=Nom|Number=Sing	408	det	_	@r1994m-words#@r1994m#245.157#245.453
408	мы	мы	PRON	_	Case=Nom|Number=Plur|Person=1	406	nsubj	_	@r1994m-words#@r1994m#245.453#245.749
409	тебя	ты	PRON	_	Case=Acc|Number=Sing|Person=2	406	obj	_	@r1994m-words#@r1994m#245.749#246.045
410	берем	брать	VERB	_	Aspect=Imp|Mood=Ind|Number=Plur|Person=1|Tense=Pres|VerbForm=Fin|Voice=Act	394	conj	_	@r1994m-words#@r1994m#246.045#246.348
411	/	/	PUNCT	_	_	416	punct	_	@r1994m-words#@r1994m#246.513#246.794
412	а	а	CCONJ	_	_	416	cc	_	@r1994m-words#@r1994m#246.794#247.075
413	там	там	ADV	_	Degree=Pos	416	advmod	_	@r1994m-words#@r1994m#247.075#247.356
414	такая	такой	DET	_	Case=Nom|Gender=Fem|Number=Sing	416	det	_	@r1994m-words#@r1994m#247.356#247.637
415	забавная	забавный	ADJ	_	Case=Nom|Degree=Pos|Gender=Fem|Number=Sing	416	amod	_	@r1994m-words#@r1994m#247.637#247.918
416	история	история	NOUN	_	Animacy=Inan|Case=Nom|Gender=Fem|Number=Sing	410	nsubj	_	@r1994m-words#@r1994m#247.918#248.199
417	#смех#	#смех#	X	_	_	_	_	_	@r1994m-words#@r1994m#248.199#248.486
418	/	/	PUNCT	_	_	419	punct	_	@r1994m-words#@r1994m#248.669#248.931
419	я	я	PRON	_	Case=Nom|Number=Sing|Person=1	416	nsubj	_	@r1994m-words#@r1994m#248.931#249.193
420	в	в	ADP	_	_	422	case	_	@r1994m-words#@r1994m#249.193#249.455
421	тот	тот	DET	_	Case=Acc|Gender=Masc|Number=Sing	422	det	_	@r1994m-words#@r1994m#249.455#249.717
422	момент	момент	NOUN	_	Animacy=Inan|Case=Acc|Gender=Masc|Number=Sing	432	obl	_	@r1994m-words#@r1994m#249.717#249.979
423	а	а	X	_	_	_	_	_	@r1994m-words#@r1994m#249.979#250.241
424	стоял	стоять	VERB	_	Aspect=Imp|Gender=Masc|Mood=Ind|Number=Sing|Tense=Past|VerbForm=Fin|Voice=Act	432	advcl	_	@r1994m-words#@r1994m#250.241#250.503
425	как	как	ADV	_	Degree=Pos	428	advmod	_	@r1994m-words#@r1994m#250.503#250.765
426	раз	раз	ADV	_	Degree=Pos	425	advmod	_	@r1994m-words#@r1994m#250.765#251.027
427	на	на	ADP	_	_	428	case	_	@r1994m-words#@r1994m#251.027#251.289
428	краю	край	NOUN	_	Animacy=Inan|Case=Loc|Gender=Masc|Number=Sing	432	obl	_	@r1994m-words#@r1994m#251.289#251.551
429	сцены	сцена	NOUN	_	Animacy=Inan|Case=Gen|Gender=Fem|Number=Sing	432	obl	_	@r1994m-words#@r1994m#251.551#251.813
430	там	там	ADV	_	Degree=Pos	432	advmod	_	@r1994m-words#@r1994m#251.813#252.075
431	ее	она	PRON	_	Case=Acc|Gender=Fem|Number=Sing|Person=3	432	obj	_	@r1994m-words#@r1994m#252.075#252.337
432	моют	мыть	VERB	_	Aspect=Imp|Mood=Ind|Number=Plur|Person=3|Tense=Pres|VerbForm=Fin|Voice=Act	419	conj	_	@r1994m-words#@r1994m#252.337#252.599
433	эту	этот	DET	_	Case=Acc|Gender=Fem|Number=Sing	434	det	_	@r1994m-words#@r1994m#252.599#252.861
434	сцену	сцена	NOUN	_	Animacy=Inan|Case=Acc|Gender=Fem|Number=Sing	432	obl	_	@r1994m-words#@r1994m#252.861#253.123
435	и	и	CCONJ	_	_	437	cc	_	@r1994m-words#@r1994m#253.123#253.385
436	я	я	PRON	_	Case=Nom|Number=Sing|Person=1	437	nsubj	_	@r1994m-words#@r1994m#253.385#253.647
437	стою	стоить	NOUN	_	Animacy=Inan|Case=Par|Gender=Masc|Number=Sing	434	conj	_	@r1994m-words#@r1994m#253.647#253.909
438	на	на	ADP	_	_	439	case	_	@r1994m-words#@r1994m#253.909#254.171
439	краю	край	NOUN	_	Animacy=Inan|Case=Loc|Gender=Masc|Number=Sing	437	nmod	_	@r1994m-words#@r1994m#254.171#254.441
440	/	/	PUNCT	_	_	461	punct	_	@r1994m-words#@r1994m#255.232#255.461
441	и	и	CCONJ	_	_	461	cc	_	@r1994m-words#@r1994m#255.461#255.69
442	вот	вот	PART	_	_	443	advmod	_	@r1994m-words#@r1994m#255.69#255.919
443	как-то	как-то	ADV	_	Degree=Pos	461	advmod	_	@r1994m-words#@r1994m#255.919#256.148
444	я	я	PRON	_	Case=Nom|Number=Sing|Person=1	461	nsubj	_	@r1994m-words#@r1994m#256.148#256.377
445	так	так	ADV	_	Degree=Pos	446	advmod	_	@r1994m-words#@r1994m#256.377#256.606
446	стою	стоить	VERB	_	Aspect=Imp|Mood=Ind|Number=Sing|Person=1|Tense=Pres|VerForm=Fin|Voice=Act	461	advmod	_	@r1994m-words#@r1994m#256.606#256.835
447	как	как	SCONJ	_	_	461	mark	_	@r1994m-words#@r1994m#256.835#257.064
448	будто	будто	PART	_	_	447	fixed	_	@r1994m-words#@r1994m#257.064#257.293
449	/	/	PUNCT	_	_	461	punct	_	@r1994m-words#@r1994m#257.293#257.522
450	всю	весь	DET	_	Case=Acc|Gender=Fem|Number=Sing	451	det	_	@r1994m-words#@r1994m#257.522#257.751
451	жизнь	жизнь	NOUN	_	Animacy=Inan|Case=Acc|Gender=Fem|Number=Sing	461	obl	_	@r1994m-words#@r1994m#257.751#257.98
452	на	на	ADP	_	_	453	case	_	@r1994m-words#@r1994m#257.98#258.209
453	каблуках	каблук	NOUN	_	Animacy=Inan|Case=Loc|Gender=Fem|Number=Plur	461	obl	_	@r1994m-words#@r1994m#258.209#258.441
454	/	/	PUNCT	_	_	456	punct	_	@r1994m-words#@r1994m#259.279#259.648
455	и	и	CCONJ	_	_	456	cc	_	@r1994m-words#@r1994m#259.648#260.017
456	случился	случиться	VERB	_	Aspect=Perf|Gender=Masc|Mood=Ind|Number=Sing|Tense=Past|VerbForm=Fin|Voice=Mid	461	advcl	_	@r1994m-words#@r1994m#260.017#260.386
457	конфуз	конфуз	NOUN	_	Animacy=Inan|Case=Nom|Gender=Masc|Number=Sing	461	obl	_	@r1994m-words#@r1994m#260.386#260.755
458	я	я	PRON	_	Case=Nom|Number=Sing|Person=1	461	nsubj	_	@r1994m-words#@r1994m#260.755#261.124
459	/	/	PUNCT	_	_	458	punct	_	@r1994m-words#@r1994m#261.124#261.493
460	не	не	PART	_	_	461	advmod	_	@r1994m-words#@r1994m#261.493#261.862
461	расслышал	расслышать	VERB	_	Aspect=Perf|Gender=Masc|Mood=Ind|Number=Sing|Tense=Past|VerbForm=Fin|Voice=Act	437	conj	_	@r1994m-words#@r1994m#261.862#262.231
462	что	что	SCONJ	_	_	461	mark	_	@r1994m-words#@r1994m#262.231#262.6
463	мне	я	PRON	_	Case=Dat|Number=Sing|Person=1	461	iobj	_	@r1994m-words#@r1994m#262.6#262.969
464	сказали	сказать	VERB	_	Aspect=Perf|Mood=Ind|Number=Plur|Tense=Past|VerbForm=Fin|Voice=Act	461	xcomp	_	@r1994m-words#@r1994m#262.969#263.338
465	что	что	SCONJ	_	_	467	mark	_	@r1994m-words#@r1994m#263.338#263.707
466	меня	я	PRON	_	Case=Acc|Number=Sing|Person=1	467	obj	_	@r1994m-words#@r1994m#263.707#264.076
467	берут	брать	VERB	_	Aspect=Imp|Mood=Ind|Number=Plur|Person=3|Tense=Pres|VerbForm=Fin|Voice=Act	464	ccomp	_	@r1994m-words#@r1994m#264.076#264.445
468	/	/	PUNCT	_	_	471	punct	_	@r1994m-words#@r1994m#264.445#264.814
469	а	а	X	_	_	_	_	_	@r1994m-words#@r1994m#264.814#265.183
470	я	я	PRON	_	Case=Nom|Number=Sing|Person=1	471	nsubj	_	@r1994m-words#@r1994m#265.183#265.552
471	подскальзываюсь	подскальзываться	VERB	_	Aspect=Imp|Mood=Ind|Number=Sing|Person=1|Tense=Pres|VerbForm=Fin|Voice=Mid	467	conj	_	@r1994m-words#@r1994m#265.552#265.921
472	на	на	ADP	_	_	482	mark	_	@r1994m-words#@r1994m#265.921#266.29
473	эт…	эт…	X	_	_	_	_	_	@r1994m-words#@r1994m#266.29#266.659
474	этом	это	PRON	_	Animacy=Inan|Case=Loc|Gender=Neut|Number=Sing	482	obl	_	@r1994m-words#@r1994m#266.659#267.028
475	а	а	X	_	_	_	_	_	@r1994m-words#@r1994m#267.028#267.397
476	на	на	ADP	_	_	478	case	_	@r1994m-words#@r1994m#267.397#267.766
477	этом	этот	DET	_	Case=Loc|Gender=Masc|Number=Sing	478	det	_	@r1994m-words#@r1994m#267.766#268.135
478	полу	пол	NOUN	_	Animacy=Inan|Case=Loc|Gender=Masc|Number=Sing	479	obl	_	@r1994m-words#@r1994m#268.135#268.504
479	помытом	помыть	VERB	_	Aspect=Perf|Case=Loc|Gender=Masc|Number=Sing|Tense=Past|VerbForm=Part|Voice=Pass	482	advcl	_	@r1994m-words#@r1994m#268.504#268.873
480	/	/	PUNCT	_	_	479	punct	_	@r1994m-words#@r1994m#268.873#269.242
481	ру…	ру…	X	_	_	_	_	_	@r1994m-words#@r1994m#269.242#269.611
482	падаю	падать	VERB	_	Aspect=Imp|Mood=Ind|Number=Sing|Person=1|Tense=Pres|VerbForm=Fin|Voice=Act	471	xcomp	_	@r1994m-words#@r1994m#269.611#269.98
483	на	на	ADP	_	_	485	case	_	@r1994m-words#@r1994m#269.98#270.349
484	этот	этот	DET	_	Case=Acc|Gender=Masc|Number=Sing	485	det	_	@r1994m-words#@r1994m#270.349#270.718
485	стол	стол	NOUN	_	Animacy=Inan|Case=Acc|Gender=Masc|Number=Sing	482	obl	_	@r1994m-words#@r1994m#270.718#271.116
486	/	/	PUNCT	_	_	499	punct	_	@r1994m-words#@r1994m#271.261#271.497
487	и	и	CCONJ	_	_	499	cc	_	@r1994m-words#@r1994m#271.497#271.733
488	у	у	ADP	_	_	489	case	_	@r1994m-words#@r1994m#271.733#271.969
489	меня	я	PRON	_	Case=Gen|Number=Sing|Person=1	499	obl	_	@r1994m-words#@r1994m#271.969#272.205
490	первая	первый	ADJ	_	Case=Nom|Degree=Pos|Gender=Fem|Number=Sing	491	amod	_	@r1994m-words#@r1994m#272.205#272.441
491	мысль	мысль	NOUN	_	Animacy=Inan|Case=Nom|Gender=Fem|Number=Sing	499	nsubj	_	@r1994m-words#@r1994m#272.441#272.677
492	была	быть	VERB	_	Aspect=Imp|Gender=Fem|Mood=Ind|Number=Sing|Tense=Past|VerbForm=Fin|Voice=Act	499	cop	_	@r1994m-words#@r1994m#272.677#272.913
493	а	а	X	_	_	_	_	_	@r1994m-words#@r1994m#272.913#273.149
494	лишь	лишь	PART	_	_	497	advmod	_	@r1994m-words#@r1994m#273.149#273.385
495	бы	бы	PART	_	_	494	fixed	_	@r1994m-words#@r1994m#273.385#273.621
496	этот	этот	DET	_	Case=Nom|Gender=Masc|Number=Sing	497	det	_	@r1994m-words#@r1994m#273.621#273.857
497	стол	стол	NOUN	_	Animacy=Inan|Case=Nom|Gender=Masc|Number=Sing	499	nsubj	_	@r1994m-words#@r1994m#273.857#274.093
498	был	быть	AUX	_	Aspect=Imp|Gender=Masc|Mood=Ind|Number=Sing|Tense=Past|VerbForm=Fin|Voice=Act	499	cop	_	@r1994m-words#@r1994m#274.093#274.329
499	целый	целый	ADJ	_	Case=Nom|Degree=Pos|Gender=Masc|Number=Sing	482	conj	_	@r1994m-words#@r1994m#274.329#274.565
500	/	/	PUNCT	_	_	505	punct	_	@r1994m-words#@r1994m#274.565#274.801
501	иначе	иначе	ADV	_	Degree=Pos	505	advmod	_	@r1994m-words#@r1994m#274.801#275.037
502	если	если	SCONJ	_	_	505	mark	_	@r1994m-words#@r1994m#275.037#275.273
503	меня	я	PRON	_	Case=Acc|Number=Sing|Person=1	505	obj	_	@r1994m-words#@r1994m#275.273#275.509
504	щас	сейчас	ADV	_	Degree=Pos	505	advmod	_	@r1994m-words#@r1994m#275.509#275.745
505	взяли	брать	VERB	_	Aspect=Perf|Mood=Ind|Number=Plur|Tense=Past|VerbForm=Fin|Voice=Act	499	conj	_	@r1994m-words#@r1994m#275.745#275.988
506	/	/	PUNCT	_	_	508	punct	_	@r1994m-words#@r1994m#276.227#276.576
507	мне	я	PRON	_	Case=Dat|Number=Sing|Person=1	508	iobj	_	@r1994m-words#@r1994m#276.576#276.925
508	придется	прийтись	AUX	_	Aspect=Perf|Mood=Ind|Number=Sing|Person=3|Tense=Fut|VerbForm=Fin|Voice=Mid	505	conj	_	@r1994m-words#@r1994m#276.925#277.274
509	отрабатывать	отрабатывать	VERB	_	Aspect=Imp|VerbForm=Inf|Voice=Act	508	csubj	_	@r1994m-words#@r1994m#277.274#277.623
510	сначала	сначала	ADV	_	Degree=Pos	509	advmod	_	@r1994m-words#@r1994m#277.623#277.972
511	стол	стол	NOUN	_	Animacy=Inan|Case=Acc|Gender=Masc|Number=Sing	509	obj	_	@r1994m-words#@r1994m#277.972#278.321
512	а	а	CCONJ	_	_	514	cc	_	@r1994m-words#@r1994m#278.321#278.67
513	не	не	PART	_	_	514	advmod	_	@r1994m-words#@r1994m#278.67#279.019
514	зарабатывать	зарабатывать	VERB	_	Aspect=Imp|VerbForm=Inf|Voice=Act	509	conj	_	@r1994m-words#@r1994m#279.019#279.368
515	деньги	деньги	NOUN	_	Animacy=Inan|Case=Acc|Gender=Fem|Number=Plur	514	obj	_	@r1994m-words#@r1994m#279.368#279.72
516	/	/	PUNCT	_	_	517	punct	_	@r1994m-words#@r1994m#280.75#281.252
517	вот	вот	PART	_	_	514	parataxis	_	@r1994m-words#@r1994m#281.252#281.754
518	/	/	PUNCT	_	_	517	punct	_	@r1994m-words#@r1994m#281.754#282.256
519	так	так	ADV	_	Degree=Pos	520	advmod	_	@r1994m-words#@r1994m#282.256#282.758
520	вот	вот	PART	_	_	521	advmod	_	@r1994m-words#@r1994m#282.758#283.26
521	случилось	случиться	VERB	_	Aspect=Perf|Gender=Neut|Mood=Ind|Number=Sing|Tense=Past|VerbForm=Fin|Voice=Mid	514	xcomp	_	@r1994m-words#@r1994m#283.26#283.762
522	мое	мой	DET	_	Case=Nom|Gender=Neut|Number=Sing	523	det	_	@r1994m-words#@r1994m#283.762#284.264
523	попадание	попадание	NOUN	_	Animacy=Inan|Case=Nom|Gender=Neut|Number=Sing	514	obl	_	@r1994m-words#@r1994m#284.264#284.766
524	в	в	ADP	_	_	525	case	_	@r1994m-words#@r1994m#284.766#285.268
525	мир	мир	NOUN	_	Animacy=Inan|Case=Acc|Gender=Masc|Number=Sing	523	nmod	_	@r1994m-words#@r1994m#285.268#285.77
526	/	/	PUNCT	_	_	527	punct	_	@r1994m-words#@r1994m#285.77#286.272
527	травести	травести	NOUN	_	Animacy=Inan|Case=Gen|Gender=Neut|Number=Sing	525	nmod	_	@r1994m-words#@r1994m#286.272#286.774
528	/	/	PUNCT	_	_	529	punct	_	@r1994m-words#@r1994m#286.774#287.276
529	драг	драг	NOUN	_	Animacy=Anim|Case=Gen|Gender=Masc|Number=Plur	527	nmod	_	@r1994m-words#@r1994m#287.276#287.778
530	/	/	PUNCT	_	_	538	punct	_	@r1994m-words#@r1994m#287.778#288.28
531	очень	очень	ADV	_	Degree=Pos	532	advmod	_	@r1994m-words#@r1994m#288.28#288.782
532	так	так	ADV	_	Degree=Pos	538	cc	_	@r1994m-words#@r1994m#288.782#289.284
533	/	/	PUNCT	_	_	534	punct	_	@r1994m-words#@r1994m#289.284#289.786
534	эпичненько	эпичненько	ADV	_	Degree=Pos	538	parataxis	_	@r1994m-words#@r1994m#289.786#290.296
535	/	/	PUNCT	_	_	534	punct	_	@r1994m-words#@r1994m#290.36#290.643
536	ну	ну	PART	_	_	538	parataxis	_	@r1994m-words#@r1994m#290.643#290.926
537	я	я	PRON	_	Case=Nom|Number=Sing|Person=1	538	nsubj	_	@r1994m-words#@r1994m#290.926#291.209
538	работал	работать	VERB	_	Aspect=Imp|Gender=Masc|Mood=Ind|Number=Sing|Tense=Past|VerbForm=Fin|Voice=Act	514	conj	_	@r1994m-words#@r1994m#291.209#291.492
539	до	до	ADP	_	_	540	case	_	@r1994m-words#@r1994m#291.492#291.775
540	этого	это	PRON	_	Animacy=Inan|Case=Gen|Gender=Neut|Number=Sing	538	obl	_	@r1994m-words#@r1994m#291.775#292.058
541	/	/	PUNCT	_	_	538	punct	_	@r1994m-words#@r1994m#292.058#292.341
542	в	в	ADP	_	_	543	case	_	@r1994m-words#@r1994m#292.341#292.624
543	театре	театр	NOUN	_	Animacy=Inan|Case=Loc|Gender=Masc|Number=Sing	538	obl	_	@r1994m-words#@r1994m#292.624#292.907
544	в	в	ADP	_	_	546	case	_	@r1994m-words#@r1994m#292.907#293.19
545	псковской	псковский	ADJ	_	Case=Loc|Degree=Pos|Gender=Fem|Number=Sing	546	amod	_	@r1994m-words#@r1994m#293.19#293.473
546	области	область	NOUN	_	Animacy=Inan|Case=Loc|Gender=Fem|Number=Sing	538	obl	_	@r1994m-words#@r1994m#293.473#293.756
547	/	/	PUNCT	_	_	561	punct	_	@r1994m-words#@r1994m#293.756#294.039
548	и	и	CCONJ	_	_	561	cc	_	@r1994m-words#@r1994m#294.039#294.322
549	поэтому	поэтому	ADV	_	Degree=Pos	561	advmod	_	@r1994m-words#@r1994m#294.322#294.605
550	/	/	PUNCT	_	_	561	punct	_	@r1994m-words#@r1994m#294.605#294.888
551	для	для	ADP	_	_	552	case	_	@r1994m-words#@r1994m#294.888#295.171
552	меня	я	PRON	_	Case=Gen|Number=Sing|Person=1	561	obl	_	@r1994m-words#@r1994m#295.171#295.454
553	это	это	PRON	_	Animacy=Inan|Case=Nom|Gender=Neut|Number=Sing	561	nsubj	_	@r1994m-words#@r1994m#295.454#295.737
554	как	как	ADV	_	Degree=Pos	559	advmod	_	@r1994m-words#@r1994m#295.737#296.031
555	/	/	PUNCT	_	_	556	punct	_	@r1994m-words#@r1994m#296.777#297.223
556	э	э	X	_	_	_	_	_	@r1994m-words#@r1994m#297.223#297.669
557	/	/	PUNCT	_	_	556	punct	_	@r1994m-words#@r1994m#297.669#298.115
558	я	я	PRON	_	Case=Nom|Number=Sing|Person=1	559	nsubj	_	@r1994m-words#@r1994m#298.115#298.561
559	исполняю	исполнять	VERB	_	Aspect=Imp|Mood=Ind|Number=Sing|Person=1|Tense=Pres|VerbForm=Fin|Voice=Act	561	parataxis	_	@r1994m-words#@r1994m#298.561#299.007
560	вот	вот	PART	_	_	561	advmod	_	@r1994m-words#@r1994m#299.007#299.453
561	получается	получаться	VERB	_	Aspect=Imp|Mood=Ind|Number=Sing|Person=3|Tense=Pres|VerbForm=Fin|Voice=Mid	514	conj	_	@r1994m-words#@r1994m#299.453#299.899
562	/	/	PUNCT	_	_	561	punct	_	@r1994m-words#@r1994m#299.899#300.345
563	одну	один	NUM	_	Case=Acc|Gender=Fem	564	nummod:gov	_	@r1994m-words#@r1994m#300.345#300.791
564	роль	роль	NOUN	_	Animacy=Inan|Case=Acc|Gender=Fem|Number=Sing	561	obj	_	@r1994m-words#@r1994m#300.791#301.241
565	/	/	PUNCT	_	_	561	punct	_	@r1994m-words#@r1994m#302.329#302.63
566	и	и	CCONJ	_	_	573	cc	_	@r1994m-words#@r1994m#302.63#302.931
567	поскольку	поскольку	SCONJ	_	_	573	parataxis	_	@r1994m-words#@r1994m#302.931#303.232
568	/	/	PUNCT	_	_	567	punct	_	@r1994m-words#@r1994m#303.232#303.533
569	роль	роль	NOUN	_	Animacy=Inan|Case=Nom|Gender=Fem|Number=Sing	573	nsubj	_	@r1994m-words#@r1994m#303.533#303.834
570	/	/	PUNCT	_	_	571	punct	_	@r1994m-words#@r1994m#303.834#304.135
571	такая	такой	DET	_	Case=Nom|Gender=Fem|Number=Sing	569	det	_	@r1994m-words#@r1994m#304.135#304.436
572	вс…	вс…	Ч	_	_	_	_	_	@r1994m-words#@r1994m#304.436#304.737
573	можно	можно	AUX	_	Degree=Pos	509	conj	_	@r1994m-words#@r1994m#304.737#305.038
574	делать	делать	VERB	_	Aspect=Imp|VerbForm=Inf|Voice=Act	573	csubj	_	@r1994m-words#@r1994m#305.038#305.339
575	все	все	PRON	_	Animacy=Inan|Case=Acc|Gender=Neut|Number=Sing	574	obj	_	@r1994m-words#@r1994m#305.339#305.64
576	что	что	SCONJ	_	Case=Acc	577	obj	_	@r1994m-words#@r1994m#305.64#305.941
577	хочешь	хотеть	VERB	_	Aspect=Imp|Mood=Ind|Number=Sing|Person=2|Tense=Pres|VerbForm=Fin|Voice=Act	575	acl	_	@r1994m-words#@r1994m#305.941#306.242
578	/	/	PUNCT	_	_	584	punct	_	@r1994m-words#@r1994m#306.242#306.543
579	почему	почему	ADV	_	Degree=Pos	584	advmod	_	@r1994m-words#@r1994m#306.543#306.844
580	бы	бы	AUX	_	_	584	aux	_	@r1994m-words#@r1994m#306.844#307.145
581	этого	это	PRON	_	Animacy=Inan|Case=Gen|Gender=Neut|Number=Sing	584	obl	_	@r1994m-words#@r1994m#307.145#307.446
582	и	и	PART	_	_	583	advmod	_	@r1994m-words#@r1994m#307.446#307.747
583	не	не	PART	_	_	584	advmod	_	@r1994m-words#@r1994m#307.747#308.048
584	делать	делать	VERB	_	Aspect=Imp|VerbForm=Inf|Voice=Act	577	xcomp	_	@r1994m-words#@r1994m#308.048#308.349
585	все	все	PART	_	_	584	advmod	_	@r1994m-words#@r1994m#308.349#308.65
586	равно	равно	PART	_	Degree=Pos|Gender=Neut|Number=Sing|Variant=Short	585	fixed	_	@r1994m-words#@r1994m#308.65#308.951
587	/	/	PUNCT	_	_	588	punct	_	@r1994m-words#@r1994m#308.951#309.252
588	смоешься	смыться	VERB	_	Aspect=Perf|Mood=Ind|Number=Sing|Person=2|Tense=Fut|VerbForm=Fin|Voice=Mid	599	advcl	_	@r1994m-words#@r1994m#309.252#309.553
589	/	/	PUNCT	_	_	595	punct	_	@r1994m-words#@r1994m#309.553#309.854
590	и	и	CCONJ	_	_	595	cc	_	@r1994m-words#@r1994m#309.854#310.155
591	все	все	DET	_	Case=Nom|Gender=Neut|Number=Sing	595	det	_	@r1994m-words#@r1994m#310.155#310.456
592	/	/	PUNCT	_	_	595	punct	_	@r1994m-words#@r1994m#310.456#310.757
593	Коко	Коко	PROPN	_	Animacy=Inan|Case=Nom|Gender=Neut|Number=Sing	595	nsubj	_	@r1994m-words#@r1994m#310.757#311.058
594	уже	уже	ADV	_	Degree=Pos	595	advmod	_	@r1994m-words#@r1994m#311.058#311.359
595	нету	нет	VERB	_	Aspect=Imp|Mood=Ind|Number=Sing|Person=3|Tense=Pres|VerbForm=Fin|Voice=Act	599	nsubj	_	@r1994m-words#@r1994m#311.359#311.681
596	меня	я	PRON	_	Case=Acc|Number=Sing|Person=1	595	obj	_	@r1994m-words#@r1994m#311.909#312.199
597	это	это	PRON	_	Animacy=Inan|Case=Acc|Gender=Neut|Number=Sing	599	obj	_	@r1994m-words#@r1994m#312.199#312.489
598	очень	очень	ADV	_	Degree=Pos	599	advmod	_	@r1994m-words#@r1994m#312.489#312.779
599	забавляет	забавлять	VERB	_	Aspect=Imp|Mood=Ind|Number=Sing|Person=3|Tense=Pres|VerbForm=Fin|Voice=Act	584	conj	_	@r1994m-words#@r1994m#312.779#313.069
600	когда	когда	SCONJ	_	_	605	mark	_	@r1994m-words#@r1994m#313.069#313.359
601	я	я	PRON	_	Case=Nom|Number=Sing|Person=1	605	nsubj	_	@r1994m-words#@r1994m#313.359#313.649
602	вот	вот	PART	_	_	605	advmod	_	@r1994m-words#@r1994m#313.649#313.939
603	а	а	X	_	Foreign=Yes	605	parataxis	_	@r1994m-words#@r1994m#313.939#314.229
604	/	/	PUNCT	_	_	603	punct	_	@r1994m-words#@r1994m#314.229#314.519
605	сижу	сидеть	VERB	_	Aspect=Imp|Mood=Ind|Number=Sing|Person=1|Tense=Pres|VerbForm=Fin|Voice=Act	599	advcl	_	@r1994m-words#@r1994m#314.519#314.809
606	и	и	CCONJ	_	_	607	cc	_	@r1994m-words#@r1994m#314.809#315.099
607	замечаю	замечать	VERB	_	Aspect=Imp|Mood=Ind|Number=Sing|Person=1|Tense=Pres|VerbForm=Fin|Voice=Act	605	conj	_	@r1994m-words#@r1994m#315.099#315.389
608	вот	вот	PART	_	_	607	advmod	_	@r1994m-words#@r1994m#315.389#315.679
609	эти	этот	DET	_	Case=Acc|Number=Plur	611	det	_	@r1994m-words#@r1994m#315.679#315.969
610	вот	вот	PART	_	_	611	advmod	_	@r1994m-words#@r1994m#315.969#316.259
611	моменты	момент	NOUN	_	Animacy=Inan|Case=Acc|Gender=Masc|Number=Plur	607	obj	_	@r1994m-words#@r1994m#316.259#316.549
612	когда	когда	SCONJ	_	_	616	mark	_	@r1994m-words#@r1994m#316.549#316.839
613	так	так	ADV	_	Degree=Pos	616	advmod	_	@r1994m-words#@r1994m#316.839#317.129
614	бац	бац	X	_	_	_	_	_	@r1994m-words#@r1994m#317.129#317.435
615	/	/	PUNCT	_	_	614	punct	_	@r1994m-words#@r1994m#318.438#318.705
616	может	мочь	VERB	_	Aspect=Imp|Mood=Ind|Number=Sing|Person=3|Tense=Pres|VerbForm=Fin|Voice=Act	607	advcl	_	@r1994m-words#@r1994m#318.705#318.972
617	быть	быть	VERB	_	Aspect=Imp|VerbForm=Inf|Voice=Act	616	xcomp	_	@r1994m-words#@r1994m#318.972#319.239
618	это	это	DET	_	Case=Acc|Gender=Neut|Number=Sing	619	det	_	@r1994m-words#@r1994m#319.239#319.506
619	шизофрения	шизофрения	NOUN	_	Animacy=Inan|Case=Acc|Gender=Neut|Number=Plur	616	obj	_	@r1994m-words#@r1994m#319.506#319.773
620	#смеется#	#смеется#	X	_	_	_	_	_	@r1994m-words#@r1994m#319.773#320.042
621	/	/	PUNCT	_	_	624	punct	_	@r1994m-words#@r1994m#351.171#351.383
622	а	а	X	_	_	_	_	_	@r1994m-words#@r1994m#351.383#351.595
623	как	как	ADV	_	Degree=Pos	624	advmod	_	@r1994m-words#@r1994m#351.595#351.807
624	изменялся	изменяться	VERB	_	Aspect=Imp|Gender=Masc|Mood=Ind|Number=Sing|Tense=Past|VerbForm=Fin|Voice=Mid	619	conj	_	@r1994m-words#@r1994m#351.807#352.019
625	мой	мой	DET	_	Case=Nom|Gender=Masc|Number=Sing	626	det	_	@r1994m-words#@r1994m#352.019#352.231
626	образ	образ	NOUN	_	Animacy=Inan|Case=Nom|Gender=Masc|Number=Sing	624	nsubj	_	@r1994m-words#@r1994m#352.231#352.443
627	да	да	PART	_	_	624	advmod	_	@r1994m-words#@r1994m#352.443#352.655
628	?	?	PUNCT	_	_	627	punct	_	@r1994m-words#@r1994m#352.655#352.867
629	/	/	PUNCT	_	_	633	punct	_	@r1994m-words#@r1994m#354.415#354.677
630	из	из	ADP	_	_	629	case	_	@r1994m-words#@r1994m#354.677#354.939
631	а	а	X	_	_	_	_	_	@r1994m-words#@r1994m#354.939#355.201
632	я	я	PRON	_	Case=Nom|Number=Sing|Person=1	633	nsubj	_	@r1994m-words#@r1994m#355.201#355.463
633	пытаюсь	пытаться	VERB	_	Aspect=Imp|Mood=Ind|Number=Sing|Person=1|Tense=Pres|VerbForm=Fin|Voice=Mid	624	conj	_	@r1994m-words#@r1994m#355.463#355.725
634	менять	менять	VERB	_	Aspect=Imp|VerbForm=Inf|Voice=Act	645	xcomp	_	@r1994m-words#@r1994m#355.725#355.987
635	его	он	PRON	_	Case=Acc|Gender=Masc|Number=Sing|Person=3	634	obj	_	@r1994m-words#@r1994m#355.987#356.249
636	во	в	ADP	_	_	637	case	_	@r1994m-words#@r1994m#356.249#356.511
637	первых	первый	ADJ	_	Case=Loc|Degree=Pos|Number=Plur	634	obl	_	@r1994m-words#@r1994m#356.511#356.773
638	постоянно	постоянно	ADV	_	Degree=Pos	645	advmod	_	@r1994m-words#@r1994m#356.773#357.035
639	сначала	сначала	ADV	_	Degree=Pos	642	advmod	_	@r1994m-words#@r1994m#357.035#357.297
640	когда	когда	SCONJ	_	_	642	mark	_	@r1994m-words#@r1994m#357.297#357.559
641	я	я	PRON	_	Case=Nom|Number=Sing|Person=1	642	nsubj	_	@r1994m-words#@r1994m#357.559#357.821
642	появился	появиться	VERB	_	Aspect=Perf|Gender=Masc|Mood=Ind|Number=Sing|Tense=Past|VerbForm=Fin|Voice=Mid	645	advcl	_	@r1994m-words#@r1994m#357.821#358.094
643	/	/	PUNCT	_	_	642	punct	_	@r1994m-words#@r1994m#359.415#359.807
644	мм	мм	X	_	_	_	_	_	@r1994m-words#@r1994m#359.807#360.199
645	мисс	мисс	NOUN	_	Aspect=Perf|Gender=Masc|Mood=Ind|Number=Sing|Tense=Past|VerbForm=Fin|Voice=Act	633	xcomp	_	@r1994m-words#@r1994m#360.199#360.591
646	Коко	Коко	PROPN	_	Degree=Pos	645	advmod	_	@r1994m-words#@r1994m#360.591#360.983
647	/	/	PUNCT	_	_	648	punct	_	@r1994m-words#@r1994m#360.983#361.375
648	появилась	появиться	VERB	_	Aspect=Perf|Gender=Fem|Mood=Ind|Number=Sing|Tense=Past|VerbForm=Fin|Voice=Mid	645	parataxis	_	@r1994m-words#@r1994m#361.375#361.767
649	/	/	PUNCT	_	_	653	punct	_	@r1994m-words#@r1994m#361.767#362.159
650	это	это	PRON	_	Animacy=Inan|Case=Nom|Gender=Neut|Number=Sing	653	nsubj	_	@r1994m-words#@r1994m#362.159#362.551
651	была	быть	VERB	_	Aspect=Imp|Gender=Fem|Mood=Ind|Number=Sing|Tense=Past|VerbForm=Fin|Voice=Act	653	cop	_	@r1994m-words#@r1994m#362.551#362.943
652	такая	такой	DET	_	Case=Nom|Gender=Fem|Number=Sing	653	det	_	@r1994m-words#@r1994m#362.943#363.335
653	м	м	X	_	_	_	_	_	@r1994m-words#@r1994m#363.335#363.727
654	/	/	PUNCT	_	_	655	punct	_	@r1994m-words#@r1994m#363.727#364.119
655	дешевая	дешевый	ADJ	_	Case=Nom|Degree=Pos|Gender=Fem|Number=Sing	653	amod	_	@r1994m-words#@r1994m#364.119#364.511
656	/	/	PUNCT	_	_	657	punct	_	@r1994m-words#@r1994m#364.511#364.903
657	проститутка	проститутка	NOUN	_	Animacy=Inan|Case=Nom|Gender=Fem|Number=Sing	653	parataxis	_	@r1994m-words#@r1994m#364.903#365.301
658	/	/	PUNCT	_	_	661	punct	_	@r1994m-words#@r1994m#365.805#366.17
659	потом	потом	ADV	_	Degree=Pos	661	advmod	_	@r1994m-words#@r1994m#366.17#366.535
660	я	я	PRON	_	Case=Nom|Number=Sing|Person=1	661	nsubj	_	@r1994m-words#@r1994m#366.535#366.9
661	понял	понять	VERB	_	Aspect=Perf|Gender=Masc|Mood=Ind|Number=Sing|Tense=Past|VerbForm=Fin|Voice=Act	657	conj	_	@r1994m-words#@r1994m#366.9#367.265
662	что	что	PRON	_	Case=Acc	670	obj	_	@r1994m-words#@r1994m#367.265#367.63
663	/	/	PUNCT	_	_	670	punct	_	@r1994m-words#@r1994m#367.63#367.995
664	далеко	далеко	ADV	_	Degree=Pos	670	advmod	_	@r1994m-words#@r1994m#367.995#368.36
665	на	на	ADP	_	_	667	case	_	@r1994m-words#@r1994m#368.36#368.725
666	этом	этот	DET	_	Case=Loc|Gender=Masc|Number=Sing	667	det	_	@r1994m-words#@r1994m#368.725#369.09
667	образе	образ	NOUN	_	Animacy=Inan|Case=Loc|Gender=Masc|Number=Sing	670	obl	_	@r1994m-words#@r1994m#369.09#369.455
668	тоже	тоже	PART	_	_	670	advmod	_	@r1994m-words#@r1994m#369.455#369.82
669	не	не	PART	_	_	670	advmod	_	@r1994m-words#@r1994m#369.82#370.185
670	уедешь	уехать	VERB	_	Aspect=Perf|Mood=Ind|Number=Sing|Person=2|Tense=Fut|VerbForm=Fin|Voice=Act	661	ccomp	_	@r1994m-words#@r1994m#370.185#370.55
671	вот	вот	PART	_	_	670	advmod	_	@r1994m-words#@r1994m#370.55#370.915
672	/	/	PUNCT	_	_	677	punct	_	@r1994m-words#@r1994m#370.915#371.28
673	и	и	CCONJ	_	_	677	cc	_	@r1994m-words#@r1994m#371.28#371.645
674	я	я	PRON	_	Case=Nom|Number=Sing|Person=1	677	nsubj	_	@r1994m-words#@r1994m#371.645#372.01
675	там	там	ADV	_	Degree=Pos	677	advmod	_	@r1994m-words#@r1994m#372.01#372.375
676	под…	под…	X	_	_	_	_	_	@r1994m-words#@r1994m#372.375#372.74
677	поднакопил	поднакопить	VERB	_	Aspect=Perf|Gender=Masc|Mood=Ind|Number=Sing|Tense=Past|VerbForm=Fin|Voice=Act	670	conj	_	@r1994m-words#@r1994m#372.74#373.105
678	/	/	PUNCT	_	_	680	punct	_	@r1994m-words#@r1994m#373.105#373.47
679	шо-то	что-то	PRON	_	Case=Nom	680	advmod	_	@r1994m-words#@r1994m#373.47#373.835
680	поднашил	поднашить	VERB	_	Aspect=Perf|Gender=Masc|Mood=Ind|Number=Sing|Tense=Past|VerbForm=Fin|Voice=Act	677	conj	_	@r1994m-words#@r1994m#373.835#374.2
681	/	/	PUNCT	_	_	684	punct	_	@r1994m-words#@r1994m#374.2#374.565
682	шо-то	что-то	PRON	_	Case=Nom	684	advmod	_	@r1994m-words#@r1994m#374.565#374.93
683	где-то	где-то	ADV	_	Degree=Pos	684	advmod	_	@r1994m-words#@r1994m#374.93#375.295
684	раздобыл	раздобыть	VERB	_	Aspect=Perf|Gender=Masc|Mood=Ind|Number=Sing|Tense=Past|VerbForm=Fin|Voice=Act	680	parataxis	_	@r1994m-words#@r1994m#375.295#375.66
685	/	/	PUNCT	_	_	688	punct	_	@r1994m-words#@r1994m#375.66#376.025
686	кто-то	кто-то	PRON	_	Case=Nom	688	nsubj	_	@r1994m-words#@r1994m#376.025#376.39
687	что-то	что-то	PRON	_	Case=Acc	688	obj	_	@r1994m-words#@r1994m#376.39#376.755
688	подарил	дарить	VERB	_	Aspect=Perf|Gender=Masc|Mood=Ind|Number=Sing|Tense=Past|VerbForm=Fin|Voice=Act	684	conj	_	@r1994m-words#@r1994m#376.755#377.138
689	/	/	PUNCT	_	_	692	punct	_	@r1994m-words#@r1994m#378.5#378.911
690	а	а	X	_	_	_	_	_	@r1994m-words#@r1994m#378.911#379.322
691	так	так	ADV	_	Degree=Pos	692	advmod	_	@r1994m-words#@r1994m#379.322#379.733
692	появилась	появиться	VERB	_	Aspect=Perf|Gender=Fem|Mood=Ind|Number=Sing|Tense=Past|VerbForm=Fin|Voice=Mid	688	conj	_	@r1994m-words#@r1994m#379.733#380.144
693	уже	уже	ADV	_	Degree=Pos	694	advmod	_	@r1994m-words#@r1994m#380.144#380.555
694	более	более	ADV	_	Degree=Cmp	700	obl	_	@r1994m-words#@r1994m#380.555#380.966
695	/	/	PUNCT	_	_	696	punct	_	@r1994m-words#@r1994m#380.966#381.377
696	такая	такой	DET	_	Case=Nom|Gender=Fem|Number=Sing	694	det	_	@r1994m-words#@r1994m#381.377#381.788
697	/	/	PUNCT	_	_	696	punct	_	@r1994m-words#@r1994m#381.788#382.199
698	не	не	PART	_	_	700	advmod	_	@r1994m-words#@r1994m#382.199#382.61
699	дешевая	дешевый	ADJ	_	Case=Nom|Degree=Pos|Gender=Fem|Number=Sing	700	amod	_	@r1994m-words#@r1994m#382.61#383.021
700	Коко	Коко	PROPN	_	Animacy=Inan|Case=Nom|Gender=Fem|Number=Sing	692	nsubj	_	@r1994m-words#@r1994m#383.021#383.432
701	а	а	CCONJ	_	_	704	cc	_	@r1994m-words#@r1994m#383.432#383.843
702	/	/	PUNCT	_	_	704	punct	_	@r1994m-words#@r1994m#383.843#384.254
703	чуть	чуть	ADV	_	Degree=Pos	704	advmod	_	@r1994m-words#@r1994m#384.254#384.665
704	подороже	подороже	ADV	_	Degree=Cmp	700	conj	_	@r1994m-words#@r1994m#384.665#385.083
705	/	/	PUNCT	_	_	713	punct	_	@r1994m-words#@r1994m#386.805#387.114
706	а	а	CCONJ	_	_	713	cc	_	@r1994m-words#@r1994m#387.114#387.423
707	там	там	ADV	_	Degree=Pos	713	advmod	_	@r1994m-words#@r1994m#387.423#387.732
708	были	быть	VERB	_	Aspect=Imp|Mood=Ind|Number=Plur|Tense=Past|VerbForm=Fin|Voice=Act	713	cop	_	@r1994m-words#@r1994m#387.732#388.041
709	уже	уже	ADV	_	Degree=Pos	710	obl	_	@r1994m-words#@r1994m#388.041#388.35
710	какие-то	какой-то	DET	_	Case=Acc|Number=Plur	713	det	_	@r1994m-words#@r1994m#388.35#388.659
711	более	более	ADV	_	Degree=Cmp	712	obl	_	@r1994m-words#@r1994m#388.659#388.968
712	осознанные	осознанный	ADJ	_	Animacy=Inan|Case=Acc|Degree=Pos|Number=Plur	713	amod	_	@r1994m-words#@r1994m#388.968#389.277
713	образы	образ	NOUN	_	Animacy=Inan|Case=Acc|Gender=Masc|Number=Plur	704	conj	_	@r1994m-words#@r1994m#389.277#389.586
714	/	/	PUNCT	_	_	716	punct	_	@r1994m-words#@r1994m#389.586#389.895
715	ну	ну	PART	_	_	716	parataxis	_	@r1994m-words#@r1994m#389.895#390.204
716	что-то	что-то	PRON	_	Case=Nom	704	conj	_	@r1994m-words#@r1994m#390.204#390.513
717	было	быть	PART	_	_	719	mark	_	@r1994m-words#@r1994m#390.513#390.822
718	более	более	ADV	_	Degree=Cmp	719	advmod	_	@r1994m-words#@r1994m#390.822#391.131
719	продуманное	продуманный	VERB	_	Aspect=Perf|Case=Nom|Gender=Neut|Number=Sing|Tense=Past|VerbForm=Part|Voice=Pass	716	acl	_	@r1994m-words#@r1994m#391.131#391.44
720	/	/	PUNCT	_	_	725	punct	_	@r1994m-words#@r1994m#391.44#391.749
721	ну	ну	PART	_	_	725	parataxis	_	@r1994m-words#@r1994m#391.749#392.058
722	вообще	вообще	ADV	_	Degree=Pos	725	advmod	_	@r1994m-words#@r1994m#392.058#392.367
723	я	я	PRON	_	Case=Nom|Number=Sing|Person=1	725	nsubj	_	@r1994m-words#@r1994m#392.367#392.676
724	очень	очень	ADV	_	Degree=Pos	725	advmod	_	@r1994m-words#@r1994m#392.676#392.985
725	люблю	любить	VERB	_	Aspect=Imp|Mood=Ind|Number=Sing|Person=1|Tense=Pres|VerbForm=Fin|Voice=Act	716	parataxis	_	@r1994m-words#@r1994m#392.985#393.294
726	развязные	развязный	ADJ	_	Animacy=Inan|Case=Acc|Degree=Pos|Number=Plur	728	amod	_	@r1994m-words#@r1994m#393.294#393.603
727	такие	такой	DET	_	Case=Acc|Number=Plur	728	det	_	@r1994m-words#@r1994m#393.603#393.912
728	образы	образ	NOUN	_	Animacy=Inan|Case=Acc|Gender=Masc|Number=Plur	725	obj	_	@r1994m-words#@r1994m#393.912#394.222
729	/	/	PUNCT	_	_	732	punct	_	@r1994m-words#@r1994m#394.888#395.18
730	кто-то	кто-то	PRON	_	Case=Nom	732	nsubj	_	@r1994m-words#@r1994m#395.18#395.472
731	там	там	ADV	_	Degree=Pos	732	advmod	_	@r1994m-words#@r1994m#395.472#395.764
732	ругает	ругать	VERB	_	Aspect=Imp|Mood=Ind|Number=Sing|Person=3|Tense=Pres|VerbForm=Fin|Voice=Act	725	conj	_	@r1994m-words#@r1994m#395.764#396.056
733	/	/	PUNCT	_	_	735	punct	_	@r1994m-words#@r1994m#396.056#396.348
734	как	как	SCONJ	_	_	735	mark	_	@r1994m-words#@r1994m#396.348#396.64
735	ты	ты	PRON	_	Case=Nom|Number=Sing|Person=2	732	obl	_	@r1994m-words#@r1994m#396.64#396.932
736	/	/	PUNCT	_	_	735	punct	_	@r1994m-words#@r1994m#396.932#397.224
737	дива	дива	NOUN	_	Animacy=Inan|Case=Gen|Gender=Fem|Number=Sing	735	_	_	@r1994m-words#@r1994m#397.224#397.516
738	/	/	PUNCT	_	_	739	punct	_	@r1994m-words#@r1994m#397.516#397.808
739	можешь	мочь	VERB	_	Aspect=Imp|Mood=Ind|Number=Sing|Person=2|Tense=Pres|VerbForm=Fin|Voice=Act	725	conj	_	@r1994m-words#@r1994m#397.808#398.1
740	там	там	ADV	_	Degree=Pos	739	advmod	_	@r1994m-words#@r1994m#398.1#398.392
741	надеть	надеть	VERB	_	Aspect=Perf|VerbForm=Inf|Voice=Act	739	xcomp	_	@r1994m-words#@r1994m#398.392#398.684
742	с…	с…	X	_	_	_	_	_	@r1994m-words#@r1994m#398.684#398.976
743	вот	вот	PART	_	_	744	advmod	_	@r1994m-words#@r1994m#398.976#399.268
744	разорванные	разорвать	VERB	_	Animacy=Inan|Aspect=Perf|Case=Acc|Number=Plur|Tense=Past|VerbForm=Part|Voice=Pass	749	acl	_	@r1994m-words#@r1994m#399.268#399.56
745	в	в	ADP	_	_	746	case	_	@r1994m-words#@r1994m#399.56#399.852
746	клочья	клок	NOUN	_	Animacy=Inan|Case=Acc|Gender=Masc|Number=Plur	744	obl	_	@r1994m-words#@r1994m#399.852#400.144
747	там	там	ADV	_	Degree=Pos	744	advmod	_	@r1994m-words#@r1994m#400.144#400.436
748	/	/	PUNCT	_	_	749	punct	_	@r1994m-words#@r1994m#400.436#400.728
749	колготки	колготки	NOUN	_	Animacy=Anim|Case=Nom|Gender=Fem|Number=Plur	741	nsubj	_	@r1994m-words#@r1994m#400.728#401.02
750	?	?	PUNCT	_	_	749	punct	_	@r1994m-words#@r1994m#401.02#401.333
751	/	/	PUNCT	_	_	752	punct	_	@r1994m-words#@r1994m#401.875#402.147
752	мм	мм	X	_	_	_	_	_	@r1994m-words#@r1994m#402.147#402.419
753	люди	человек	NOUN	_	Animacy=Anim|Case=Nom|Gender=Masc|Number=Plur	756	nsubj	_	@r1994m-words#@r1994m#402.419#402.691
754	они	они	PRON	_	Case=Nom|Number=Plur|Person=3	756	nsubj	_	@r1994m-words#@r1994m#402.691#402.963
755	вообще	вообще	ADV	_	Degree=Pos	756	advmod	_	@r1994m-words#@r1994m#402.963#403.235
756	считают	считать	VERB	_	Aspect=Imp|Mood=Ind|Number=Plur|Person=3|Tense=Pres|VerbForm=Fin|Voice=Act	749	parataxis	_	@r1994m-words#@r1994m#403.235#403.507
757	что	что	SCONJ	_	_	758	mark	_	@r1994m-words#@r1994m#403.507#403.779
758	дива	дива	NOUN	_	Animacy=Inan|Case=Gen|Gender=Fem|Number=Sing	735	_	_	@r1994m-words#@r1994m#403.779#404.051
759	вот	вот	PART	_	_	758	advmod	_	@r1994m-words#@r1994m#404.051#404.323
760	/	/	PUNCT	_	_	812	punct	_	@r1994m-words#@r1994m#404.323#404.595
761	а	а	CCONJ	_	_	812	cc	_	@r1994m-words#@r1994m#404.595#404.867
762	травести	травести	ADJ	_	Case=Nom	763	nummod	_	@r1994m-words#@r1994m#404.867#405.139
763	дива	дива	NOUN	_	Animacy=Inan|Case=Gen|Gender=Fem|Number=Sing	735	_	_	@r1994m-words#@r1994m#405.139#405.411
764	это	это	PRON	_	Animacy=Inan|Case=Nom|Gender=Neut|Number=Sing	812	nsubj	_	@r1994m-words#@r1994m#405.411#405.683
765	все	весь	DET	_	Case=Nom|Gender=Neut|Number=Sing	764	det	_	@r1994m-words#@r1994m#405.683#405.955
766	конкретно	конкретный	ADV	_	Degree=Pos	812	advmod	_	@r1994m-words#@r1994m#405.955#406.227
767	ты	ты	PRON	_	Case=Nom|Number=Sing|Person=2	812	parataxis	_	@r1994m-words#@r1994m#406.227#406.499
768	/	/	PUNCT	_	_	767	punct	_	@r1994m-words#@r1994m#406.499#406.771
769	в	в	ADP	_	_	774	case	_	@r1994m-words#@r1994m#406.771#407.043
770	каком-то	какой-то	DET	_	Case=Loc|Gender=Masc|Number=Sing	774	det	_	@r1994m-words#@r1994m#407.043#407.315
771	там	там	ADV	_	Degree=Pos	770	advmod	_	@r1994m-words#@r1994m#407.315#407.587
772	шикарном	шикарный	ADJ	_	Case=Loc|Degree=Pos|Gender=Neut|Number=Sing	774	amod	_	@r1994m-words#@r1994m#407.587#407.859
773	/	/	PUNCT	_	_	774	punct	_	@r1994m-words#@r1994m#407.859#408.131
774	платье	платье	NOUN	_	Animacy=Inan|Case=Loc|Gender=Neut|Number=Sing	812	obl	_	@r1994m-words#@r1994m#408.131#408.403
775	/	/	PUNCT	_	_	774	punct	_	@r1994m-words#@r1994m#408.403#408.675
776	в	в	ADP	_	_	777	case	_	@r1994m-words#@r1994m#408.675#408.947
777	пол	пол	NOUN	_	Animacy=Inan|Case=Acc|Gender=Masc|Number=Sing	812	obl	_	@r1994m-words#@r1994m#408.947#409.232
778	/	/	PUNCT	_	_	785	punct	_	@r1994m-words#@r1994m#409.906#410.272
779	и	и	CCONJ	_	_	785	cc	_	@r1994m-words#@r1994m#410.272#410.638
780	все	все	PRON	_	Animacy=Inan|Case=Nom|Gender=Neut|Number=Sing	785	nsubj	_	@r1994m-words#@r1994m#410.638#411.004
781	и	и	CCONJ	_	_	782	cc	_	@r1994m-words#@r1994m#411.004#411.37
782	ничего	ничто	PRON	_	Case=Gen	780	conj	_	@r1994m-words#@r1994m#411.37#411.736
783	другого	другой	ADJ	_	Case=Gen|Degree=Pos|Gender=Neut|Number=Sing	780	amod	_	@r1994m-words#@r1994m#411.736#412.102
784	не	не	PART	_	_	785	advmod	_	@r1994m-words#@r1994m#412.102#412.468
785	существует	существовать	VERB	_	Aspect=Imp|Mood=Ind|Number=Sing|Person=3|Tense=Pres|VerbForm=Fin|Voice=Act	812	parataxis	_	@r1994m-words#@r1994m#412.468#412.837
786	/	/	PUNCT	_	_	787	punct	_	@r1994m-words#@r1994m#413.441#413.644
787	вот	вот	PART	_	_	789	advmod	_	@r1994m-words#@r1994m#413.644#413.847
788	для	для	ADP	_	_	789	case	_	@r1994m-words#@r1994m#413.847#414.05
789	меня	я	PRON	_	Case=Gen|Number=Sing|Person=1	792	obl	_	@r1994m-words#@r1994m#414.05#414.253
790	это	это	PRON	_	Animacy=Inan|Case=Nom|Gender=Neut|Number=Sing	792	nsubj	_	@r1994m-words#@r1994m#414.253#414.456
791	не	не	PART	_	_	792	advmod	_	@r1994m-words#@r1994m#414.456#414.659
792	так	так	ADV	_	Degree=Pos	785	advmod	_	@r1994m-words#@r1994m#414.659#414.862
793	/	/	PUNCT	_	_	785	punct	_	@r1994m-words#@r1994m#414.862#415.065
794	я	я	PRON	_	Case=Nom|Number=Sing|Person=1	785	nsubj	_	@r1994m-words#@r1994m#415.065#415.268
795	не…	не…	X	_	_	_	_	_	@r1994m-words#@r1994m#415.268#415.471
796	вот	вот	PART	_	_	799	advmod	_	@r1994m-words#@r1994m#415.471#415.674
797	вообще	вообще	ADV	_	Degree=Pos	799	advmod	_	@r1994m-words#@r1994m#415.674#415.877
798	не	не	PART	_	_	799	advmod	_	@r1994m-words#@r1994m#415.877#416.08
799	люблю	любить	VERB	_	Aspect=Imp|Mood=Ind|Number=Sing|Person=1|Tense=Pres|VerbForm=Fin|Voice=Act	812	advcl	_	@r1994m-words#@r1994m#416.08#416.283
800	когда	когда	SCONJ	_	Degree=Pos	799	_	_	@r1994m-words#@r1994m#416.283#416.488
801	/	/	PUNCT	_	_	803	punct	_	@r1994m-words#@r1994m#417.716#418.08
802	мне	я	PRON	_	Case=Dat|Number=Sing|Person=1	803	iobj	_	@r1994m-words#@r1994m#418.08#418.444
803	начинают	начинать	VERB	_	Aspect=Imp|Mood=Ind|Number=Plur|Person=3|Tense=Pres|VerbForm=Fin|Voice=Act	799	ccomp	_	@r1994m-words#@r1994m#418.444#418.808
804	/	/	PUNCT	_	_	805	punct	_	@r1994m-words#@r1994m#418.808#419.172
805	втюхивать	втюхивать	VERB	_	Aspect=Imp|VerbForm=Inf|Voice=Act	803	conj	_	@r1994m-words#@r1994m#419.172#419.536
806	я	я	PRON	_	Case=Nom|Number=Sing|Person=1	805	nsubj	_	@r1994m-words#@r1994m#419.536#419.9
807	как	как	SCONJ	_	_	808	mark	_	@r1994m-words#@r1994m#419.9#420.264
808	чувствую	чувствовать	VERB	_	Aspect=Imp|Mood=Ind|Number=Sing|Person=1|Tense=Pres|VerbForm=Fin|Voice=Act	812	advcl	_	@r1994m-words#@r1994m#420.264#420.633
809	/	/	PUNCT	_	_	808	punct	_	@r1994m-words#@r1994m#421.049#421.367
810	то	то	SCONJ	_	_	812	mark	_	@r1994m-words#@r1994m#421.367#421.685
811	что	что	PRON	_	Case=Nom	812	nsubj	_	@r1994m-words#@r1994m#421.685#422.003
812	нужно	нужно	ADV	_	Degree=Pos|Gender=Neut|Number=Sing	759	conj	_	@r1994m-words#@r1994m#422.003#422.321
813	то	то	PRON	_	Animacy=Inan|Case=Acc|Gender=Neut|Number=Sing	815	obj	_	@r1994m-words#@r1994m#422.321#422.639
814	и	и	PART	_	_	815	advmod	_	@r1994m-words#@r1994m#422.639#422.957
815	делаю	делать	VERB	_	Aspect=Imp|Mood=Ind|Number=Sing|Person=1|Tense=Pres|VerbForm=Fin|Voice=Act	805	xcomp	_	@r1994m-words#@r1994m#422.957#423.275
816	/	/	PUNCT	_	_	819	punct	_	@r1994m-words#@r1994m#423.275#423.593
817	когда	когда	SCONJ	_	_	819	mark	_	@r1994m-words#@r1994m#423.593#423.911
818	мне	я	PRON	_	Case=Dat|Number=Sing|Person=1	819	iobj	_	@r1994m-words#@r1994m#423.911#424.229
819	начинает	начинать	VERB	_	Aspect=Imp|Mood=Ind|Number=Sing|Person=3|Tense=Pres|VerbForm=Fin|Voice=Act	815	advcl	_	@r1994m-words#@r1994m#424.229#424.547
820	кто-то	кто-то	PRON	_	Case=Nom	819	nsubj	_	@r1994m-words#@r1994m#424.547#424.865
821	/	/	PUNCT	_	_	820	punct	_	@r1994m-words#@r1994m#424.865#425.183
822	что-то	что-то	PRON	_	Case=Acc	825	obj	_	@r1994m-words#@r1994m#425.183#425.501
823	мне	я	PRON	_	Case=Dat|Number=Sing|Person=1	822	iobj	_	@r1994m-words#@r1994m#425.501#425.819
824	/	/	PUNCT	_	_	822	punct	_	@r1994m-words#@r1994m#425.819#426.137
825	вдавливать	вдавливать	VERB	_	Aspect=Imp|VerbForm=Inf|Voice=Act	820	obl	_	@r1994m-words#@r1994m#426.137#426.455
826	/	/	PUNCT	_	_	827	punct	_	@r1994m-words#@r1994m#426.455#426.773
827	нужно	нужный	ADJ	_	Degree=Pos|Gender=Neut|Number=Sing|Variant=Short	819	conj	_	@r1994m-words#@r1994m#426.773#427.091
828	так	так	ADV	_	Degree=Pos	827	advmod	_	@r1994m-words#@r1994m#427.091#427.409
829	/	/	PUNCT	_	_	830	punct	_	@r1994m-words#@r1994m#427.409#427.727
830	сделай	сделать	VERB	_	Aspect=Imp|Mood=Imp|Number=Sing|Person=2|VerbForm=Fin|Voice=Act	819	conj	_	@r1994m-words#@r1994m#427.727#428.045
831	так	так	ADV	_	Degree=Pos	830	advmod	_	@r1994m-words#@r1994m#428.045#428.363
832	/	/	PUNCT	_	_	836	punct	_	@r1994m-words#@r1994m#428.363#428.681
833	я	я	PRON	_	Case=Nom|Number=Sing|Person=1	836	nsubj	_	@r1994m-words#@r1994m#428.681#428.999
834	такой	такой	DET	_	Case=Nom|Gender=Masc|Number=Sing	833	det	_	@r1994m-words#@r1994m#428.999#429.333
835	/	/	PUNCT	_	_	833	punct	_	@r1994m-words#@r1994m#430.38#430.78
836	хотел	хотеть	VERB	_	Aspect=Imp|Gender=Masc|Mood=Ind|Number=Sing|Tense=Past|VerbForm=Fin|Voice=Act	830	parataxis	_	@r1994m-words#@r1994m#430.78#431.18
837	сказать	сказать	VERB	_	Aspect=Perf|VerbForm=Inf|Voice=Act	836	xcomp	_	@r1994m-words#@r1994m#431.18#431.58
838	матом	мат	NOUN	_	Animacy=Inan|Case=Ins|Gender=Masc|Number=Sing	837	obl	_	@r1994m-words#@r1994m#431.58#431.98
839	но	но	CCONJ	_	_	841	cc	_	@r1994m-words#@r1994m#431.98#432.38
840	/	/	PUNCT	_	_	841	punct	_	@r1994m-words#@r1994m#432.38#432.78
841	сдержался	держаться	VERB	_	Aspect=Perf|Gender=Masc|Mood=Ind|Number=Sing|Tense=Past|VerbForm=Fin|Voice=Mid	836	conj	_	@r1994m-words#@r1994m#432.78#433.18
842	#смех#	#смех#	X	_	_	_	_	_	@r1994m-words#@r1994m#433.18#433.58

